/*
LONGTEXT вместо JSON т.к. версия срвера 5.6.37

1 communities переименовываем admin_user_id в owner_user_id, владелец админ по умолчанию
2 users_communities добавляем admin boolean, админы в сообществе, назначаются владельцем или др админом
3 messages добавляем read_at, заполняем после прочтения пользователем
*/ 

DROP DATABASE IF EXISTS vk;
CREATE DATABASE vk;
USE vk;

DROP TABLE IF EXISTS users;
CREATE TABLE users (
	id BIGINT UNSIGNED NOT NULL AUTO_INCREMENT PRIMARY KEY, 
    firstname VARCHAR(50),
    lastname VARCHAR(50) COMMENT 'Фамиль', -- COMMENT на случай, если имя неочевидное
    email VARCHAR(120) UNIQUE,
 	password_hash VARCHAR(100), -- 123456 => vzx;clvgkajrpo9udfxvsldkrn24l5456345t
	phone BIGINT UNSIGNED UNIQUE, 
	
    INDEX users_firstname_lastname_idx(firstname, lastname)
) COMMENT 'юзеры';

DROP TABLE IF EXISTS `profiles`;
CREATE TABLE `profiles` (
	user_id BIGINT UNSIGNED NOT NULL UNIQUE,
    gender CHAR(1),
    birthday DATE,
	photo_id BIGINT UNSIGNED NULL,
    created_at DATETIME DEFAULT NOW(),
    hometown VARCHAR(100)
);

ALTER TABLE `profiles` ADD CONSTRAINT fk_user_id
    FOREIGN KEY (user_id) REFERENCES users(id)
    ON UPDATE CASCADE -- (значение по умолчанию)
    ON DELETE CASCADE; -- (значение по умолчанию)

DROP TABLE IF EXISTS messages;
CREATE TABLE messages (
	id SERIAL, -- SERIAL = BIGINT UNSIGNED NOT NULL AUTO_INCREMENT UNIQUE
	from_user_id BIGINT UNSIGNED NOT NULL,
    to_user_id BIGINT UNSIGNED NOT NULL,
    body TEXT,
    created_at DATETIME DEFAULT NOW(), -- можно будет даже не упоминать это поле при вставке
    read_at DATETIME, 

    FOREIGN KEY (from_user_id) REFERENCES users(id),
    FOREIGN KEY (to_user_id) REFERENCES users(id)
);

DROP TABLE IF EXISTS friend_requests;
DROP TABLE IF EXISTS friendships;
CREATE TABLE friendships (
	initiator_user_id BIGINT UNSIGNED NOT NULL,
    target_user_id BIGINT UNSIGNED NOT NULL,
    `status` ENUM('requested', 'approved', 'declined', 'unfriended'), # DEFAULT 'requested',
    -- `status` TINYINT(1) UNSIGNED, -- в этом случае в коде хранили бы цифирный enum (0, 1, 2, 3...)
	requested_at DATETIME DEFAULT NOW(),
	updated_at DATETIME ON UPDATE CURRENT_TIMESTAMP, -- можно будет даже не упоминать это поле при обновлении
	
    PRIMARY KEY (initiator_user_id, target_user_id),
    FOREIGN KEY (initiator_user_id) REFERENCES users(id),
    FOREIGN KEY (target_user_id) REFERENCES users(id)
);
 -- ALTER TABLE friendships ADD CHECK(initiator_user_id <> target_user_id);

DROP TABLE IF EXISTS communities;
CREATE TABLE communities(
	id SERIAL,
	name VARCHAR(150),
	owner_user_id BIGINT UNSIGNED NOT NULL, -- владелец, он же админ по умолчанию
	
	INDEX communities_name_idx(name), -- индексу можно давать свое имя (communities_name_idx)
	foreign key (owner_user_id) references users(id)
);

DROP TABLE IF EXISTS users_communities;
CREATE TABLE users_communities(
	user_id BIGINT UNSIGNED NOT NULL,
	admin boolean, -- true - админ, false, null - не админ
	community_id BIGINT UNSIGNED NOT NULL,
  
	PRIMARY KEY (user_id, community_id), -- чтобы не было 2 записей о пользователе и сообществе
    FOREIGN KEY (user_id) REFERENCES users(id),
    FOREIGN KEY (community_id) REFERENCES communities(id) on delete cascade
);

DROP TABLE IF EXISTS media_types;
CREATE TABLE media_types(
	id SERIAL,
    name VARCHAR(255), -- записей мало, поэтому в индексе нет необходимости
    created_at DATETIME DEFAULT NOW(),
    updated_at DATETIME ON UPDATE CURRENT_TIMESTAMP
);

DROP TABLE IF EXISTS media;
CREATE TABLE media(
	id SERIAL,
    media_type_id BIGINT UNSIGNED NOT NULL,
    user_id BIGINT UNSIGNED NOT NULL,
  	body text,
    filename VARCHAR(255),
    size INT,
	metadata LONGTEXT,
    created_at DATETIME DEFAULT NOW(),
    updated_at DATETIME ON UPDATE CURRENT_TIMESTAMP,

    FOREIGN KEY (user_id) REFERENCES users(id) on delete cascade,
    FOREIGN KEY (media_type_id) REFERENCES media_types(id) on delete cascade
);

DROP TABLE IF EXISTS likes;
CREATE TABLE likes(
	id SERIAL,
    user_id BIGINT UNSIGNED NOT NULL,
    media_id BIGINT UNSIGNED NOT NULL,
    created_at DATETIME DEFAULT NOW()
);

DROP TABLE IF EXISTS `photo_albums`;
CREATE TABLE `photo_albums` (
	`id` SERIAL,
	`name` varchar(255) DEFAULT NULL,
    `user_id` BIGINT UNSIGNED DEFAULT NULL,

    FOREIGN KEY (user_id) REFERENCES users(id) on delete cascade,
  	PRIMARY KEY (`id`)
);

DROP TABLE IF EXISTS `photos`;
CREATE TABLE `photos` (
	id SERIAL,
	`album_id` BIGINT unsigned NULL,
	`media_id` BIGINT unsigned NOT NULL,

	FOREIGN KEY (album_id) REFERENCES photo_albums(id) on delete cascade,
    FOREIGN KEY (media_id) REFERENCES media(id) on delete cascade
);

ALTER TABLE likes ADD CONSTRAINT likes_fk_media FOREIGN KEY (media_id) REFERENCES media(id);
ALTER TABLE likes ADD CONSTRAINT likes_fk_user FOREIGN KEY (user_id) REFERENCES users(id);
ALTER TABLE profiles ADD CONSTRAINT profiles_fk_photo FOREIGN KEY (photo_id) REFERENCES media(id);

SET FOREIGN_KEY_CHECKS=0;

INSERT INTO `communities` (`id`, `name`, `owner_user_id`) VALUES ('1', 'inventore', '101');
INSERT INTO `communities` (`id`, `name`, `owner_user_id`) VALUES ('2', 'quia', '102');
INSERT INTO `communities` (`id`, `name`, `owner_user_id`) VALUES ('3', 'ut', '103');
INSERT INTO `communities` (`id`, `name`, `owner_user_id`) VALUES ('4', 'odio', '104');
INSERT INTO `communities` (`id`, `name`, `owner_user_id`) VALUES ('5', 'est', '105');
INSERT INTO `communities` (`id`, `name`, `owner_user_id`) VALUES ('6', 'facilis', '106');
INSERT INTO `communities` (`id`, `name`, `owner_user_id`) VALUES ('7', 'voluptatibus', '107');
INSERT INTO `communities` (`id`, `name`, `owner_user_id`) VALUES ('8', 'numquam', '108');
INSERT INTO `communities` (`id`, `name`, `owner_user_id`) VALUES ('9', 'sunt', '109');
INSERT INTO `communities` (`id`, `name`, `owner_user_id`) VALUES ('10', 'quo', '110');
INSERT INTO `communities` (`id`, `name`, `owner_user_id`) VALUES ('11', 'asperiores', '115');
INSERT INTO `communities` (`id`, `name`, `owner_user_id`) VALUES ('12', 'voluptatem', '117');
INSERT INTO `communities` (`id`, `name`, `owner_user_id`) VALUES ('13', 'magni', '119');
INSERT INTO `communities` (`id`, `name`, `owner_user_id`) VALUES ('14', 'qui', '121');
INSERT INTO `communities` (`id`, `name`, `owner_user_id`) VALUES ('15', 'exercitationem', '122');
INSERT INTO `communities` (`id`, `name`, `owner_user_id`) VALUES ('16', 'repellendus', '124');
INSERT INTO `communities` (`id`, `name`, `owner_user_id`) VALUES ('17', 'consequatur', '127');
INSERT INTO `communities` (`id`, `name`, `owner_user_id`) VALUES ('18', 'at', '130');
INSERT INTO `communities` (`id`, `name`, `owner_user_id`) VALUES ('19', 'laudantium', '135');
INSERT INTO `communities` (`id`, `name`, `owner_user_id`) VALUES ('20', 'et', '138');

INSERT INTO `friendships` (`initiator_user_id`, `target_user_id`, `status`, `requested_at`, `updated_at`) VALUES ('101', '101', 'declined', '1995-07-17 22:59:09', '1999-12-07 07:24:55');
INSERT INTO `friendships` (`initiator_user_id`, `target_user_id`, `status`, `requested_at`, `updated_at`) VALUES ('102', '102', 'unfriended', '1982-03-04 06:58:36', '1990-11-09 03:10:39');
INSERT INTO `friendships` (`initiator_user_id`, `target_user_id`, `status`, `requested_at`, `updated_at`) VALUES ('103', '103', 'approved', '2019-06-10 01:19:03', '1990-02-19 12:09:07');
INSERT INTO `friendships` (`initiator_user_id`, `target_user_id`, `status`, `requested_at`, `updated_at`) VALUES ('104', '104', 'unfriended', '2020-10-26 05:31:31', '1983-07-19 04:01:43');
INSERT INTO `friendships` (`initiator_user_id`, `target_user_id`, `status`, `requested_at`, `updated_at`) VALUES ('105', '105', 'declined', '2001-04-06 06:12:51', '1982-03-21 10:45:12');
INSERT INTO `friendships` (`initiator_user_id`, `target_user_id`, `status`, `requested_at`, `updated_at`) VALUES ('106', '106', 'declined', '1993-12-25 07:59:06', '1985-01-18 01:48:27');
INSERT INTO `friendships` (`initiator_user_id`, `target_user_id`, `status`, `requested_at`, `updated_at`) VALUES ('107', '107', 'requested', '1993-08-25 12:56:21', '2017-03-30 12:41:49');
INSERT INTO `friendships` (`initiator_user_id`, `target_user_id`, `status`, `requested_at`, `updated_at`) VALUES ('108', '108', 'requested', '1991-10-16 04:37:12', '1994-08-26 01:37:56');
INSERT INTO `friendships` (`initiator_user_id`, `target_user_id`, `status`, `requested_at`, `updated_at`) VALUES ('109', '109', 'requested', '1988-06-22 21:12:58', '1974-06-19 14:30:15');
INSERT INTO `friendships` (`initiator_user_id`, `target_user_id`, `status`, `requested_at`, `updated_at`) VALUES ('110', '110', 'requested', '1980-10-22 20:46:39', '1978-10-31 12:15:25');
INSERT INTO `friendships` (`initiator_user_id`, `target_user_id`, `status`, `requested_at`, `updated_at`) VALUES ('115', '115', 'unfriended', '2007-08-29 15:37:56', '2007-08-22 18:46:17');
INSERT INTO `friendships` (`initiator_user_id`, `target_user_id`, `status`, `requested_at`, `updated_at`) VALUES ('117', '117', 'requested', '1984-08-04 17:23:39', '2000-10-22 02:48:37');
INSERT INTO `friendships` (`initiator_user_id`, `target_user_id`, `status`, `requested_at`, `updated_at`) VALUES ('119', '119', 'declined', '1982-07-22 11:27:06', '1983-08-16 23:21:20');
INSERT INTO `friendships` (`initiator_user_id`, `target_user_id`, `status`, `requested_at`, `updated_at`) VALUES ('121', '121', 'requested', '1980-06-14 19:54:12', '1985-09-23 21:02:39');
INSERT INTO `friendships` (`initiator_user_id`, `target_user_id`, `status`, `requested_at`, `updated_at`) VALUES ('122', '122', 'approved', '2006-07-17 16:45:32', '2005-07-13 09:33:09');
INSERT INTO `friendships` (`initiator_user_id`, `target_user_id`, `status`, `requested_at`, `updated_at`) VALUES ('124', '124', 'declined', '2012-07-11 20:52:11', '1977-12-30 02:03:51');
INSERT INTO `friendships` (`initiator_user_id`, `target_user_id`, `status`, `requested_at`, `updated_at`) VALUES ('127', '127', 'approved', '1975-11-20 14:24:12', '1979-08-17 04:53:51');
INSERT INTO `friendships` (`initiator_user_id`, `target_user_id`, `status`, `requested_at`, `updated_at`) VALUES ('130', '130', 'declined', '2014-08-11 18:16:08', '2011-08-10 07:19:56');
INSERT INTO `friendships` (`initiator_user_id`, `target_user_id`, `status`, `requested_at`, `updated_at`) VALUES ('135', '135', 'declined', '2004-05-05 16:52:21', '2012-09-06 08:55:30');
INSERT INTO `friendships` (`initiator_user_id`, `target_user_id`, `status`, `requested_at`, `updated_at`) VALUES ('138', '138', 'unfriended', '1978-10-28 13:55:04', '1972-03-31 19:36:58');
INSERT INTO `friendships` (`initiator_user_id`, `target_user_id`, `status`, `requested_at`, `updated_at`) VALUES ('139', '139', 'declined', '1997-09-23 14:39:56', '1981-12-06 20:19:04');
INSERT INTO `friendships` (`initiator_user_id`, `target_user_id`, `status`, `requested_at`, `updated_at`) VALUES ('140', '140', 'declined', '1978-04-07 23:43:56', '1996-12-23 09:57:52');
INSERT INTO `friendships` (`initiator_user_id`, `target_user_id`, `status`, `requested_at`, `updated_at`) VALUES ('142', '142', 'requested', '2002-01-09 10:35:04', '2007-03-25 22:13:06');
INSERT INTO `friendships` (`initiator_user_id`, `target_user_id`, `status`, `requested_at`, `updated_at`) VALUES ('143', '143', 'requested', '1973-08-31 07:05:46', '1996-05-20 07:22:19');
INSERT INTO `friendships` (`initiator_user_id`, `target_user_id`, `status`, `requested_at`, `updated_at`) VALUES ('145', '145', 'approved', '1978-08-14 23:11:00', '2010-09-04 14:32:54');
INSERT INTO `friendships` (`initiator_user_id`, `target_user_id`, `status`, `requested_at`, `updated_at`) VALUES ('149', '149', 'approved', '1977-04-15 18:35:02', '1971-07-05 00:00:31');
INSERT INTO `friendships` (`initiator_user_id`, `target_user_id`, `status`, `requested_at`, `updated_at`) VALUES ('150', '150', 'declined', '1981-04-02 20:27:00', '2015-09-07 02:26:19');
INSERT INTO `friendships` (`initiator_user_id`, `target_user_id`, `status`, `requested_at`, `updated_at`) VALUES ('151', '151', 'approved', '1975-09-25 02:33:20', '2003-11-17 11:05:49');
INSERT INTO `friendships` (`initiator_user_id`, `target_user_id`, `status`, `requested_at`, `updated_at`) VALUES ('152', '152', 'declined', '1998-09-17 16:54:58', '2003-07-08 09:43:43');
INSERT INTO `friendships` (`initiator_user_id`, `target_user_id`, `status`, `requested_at`, `updated_at`) VALUES ('154', '154', 'unfriended', '1991-04-09 00:56:24', '2012-02-03 22:08:14');
INSERT INTO `friendships` (`initiator_user_id`, `target_user_id`, `status`, `requested_at`, `updated_at`) VALUES ('155', '155', 'unfriended', '2006-04-23 19:06:32', '1997-11-11 11:46:43');
INSERT INTO `friendships` (`initiator_user_id`, `target_user_id`, `status`, `requested_at`, `updated_at`) VALUES ('157', '157', 'requested', '1999-07-08 10:29:18', '2010-11-15 11:08:15');
INSERT INTO `friendships` (`initiator_user_id`, `target_user_id`, `status`, `requested_at`, `updated_at`) VALUES ('161', '161', 'unfriended', '1981-12-01 18:54:07', '1984-08-09 00:35:27');
INSERT INTO `friendships` (`initiator_user_id`, `target_user_id`, `status`, `requested_at`, `updated_at`) VALUES ('164', '164', 'unfriended', '2005-05-23 08:12:54', '1981-06-12 23:16:13');
INSERT INTO `friendships` (`initiator_user_id`, `target_user_id`, `status`, `requested_at`, `updated_at`) VALUES ('166', '166', 'approved', '1995-06-14 00:07:44', '1981-11-14 18:24:31');
INSERT INTO `friendships` (`initiator_user_id`, `target_user_id`, `status`, `requested_at`, `updated_at`) VALUES ('168', '168', 'declined', '2005-05-13 06:30:40', '2012-05-11 15:23:02');
INSERT INTO `friendships` (`initiator_user_id`, `target_user_id`, `status`, `requested_at`, `updated_at`) VALUES ('169', '169', 'declined', '1972-05-16 16:14:19', '1971-02-16 12:52:20');
INSERT INTO `friendships` (`initiator_user_id`, `target_user_id`, `status`, `requested_at`, `updated_at`) VALUES ('174', '174', 'requested', '1975-08-23 03:21:46', '2001-10-16 01:22:04');
INSERT INTO `friendships` (`initiator_user_id`, `target_user_id`, `status`, `requested_at`, `updated_at`) VALUES ('176', '176', 'requested', '2018-06-05 18:42:05', '1988-01-29 03:24:51');
INSERT INTO `friendships` (`initiator_user_id`, `target_user_id`, `status`, `requested_at`, `updated_at`) VALUES ('177', '177', 'declined', '1983-05-18 10:10:10', '1997-09-26 09:27:17');
INSERT INTO `friendships` (`initiator_user_id`, `target_user_id`, `status`, `requested_at`, `updated_at`) VALUES ('180', '180', 'declined', '2004-01-04 14:56:31', '1976-03-10 18:22:24');
INSERT INTO `friendships` (`initiator_user_id`, `target_user_id`, `status`, `requested_at`, `updated_at`) VALUES ('185', '185', 'declined', '1979-11-22 19:40:16', '1977-02-11 14:11:38');
INSERT INTO `friendships` (`initiator_user_id`, `target_user_id`, `status`, `requested_at`, `updated_at`) VALUES ('188', '188', 'requested', '2010-01-25 04:03:15', '1992-05-02 23:59:36');
INSERT INTO `friendships` (`initiator_user_id`, `target_user_id`, `status`, `requested_at`, `updated_at`) VALUES ('190', '190', 'requested', '2016-02-01 06:31:40', '1999-03-11 00:32:42');
INSERT INTO `friendships` (`initiator_user_id`, `target_user_id`, `status`, `requested_at`, `updated_at`) VALUES ('191', '191', 'unfriended', '1989-02-23 15:13:44', '2004-04-04 08:54:40');
INSERT INTO `friendships` (`initiator_user_id`, `target_user_id`, `status`, `requested_at`, `updated_at`) VALUES ('193', '193', 'declined', '1978-04-28 15:29:10', '2006-01-16 12:29:15');
INSERT INTO `friendships` (`initiator_user_id`, `target_user_id`, `status`, `requested_at`, `updated_at`) VALUES ('195', '195', 'requested', '1970-04-21 13:18:45', '1971-02-17 16:50:49');
INSERT INTO `friendships` (`initiator_user_id`, `target_user_id`, `status`, `requested_at`, `updated_at`) VALUES ('196', '196', 'unfriended', '1978-11-03 19:00:59', '2004-10-05 23:28:47');
INSERT INTO `friendships` (`initiator_user_id`, `target_user_id`, `status`, `requested_at`, `updated_at`) VALUES ('197', '197', 'approved', '1981-10-11 19:38:59', '1994-06-22 11:19:19');

-- http://filldb.info заполнил как initiator_user_id = target_user_id, увеличиваем target_user_id на 1
update friendships set target_user_id = target_user_id + 1 where initiator_user_id <> 197;
-- запись где initiator_user_id = 197 удаляем
delete from friendships where initiator_user_id = 197;
-- восстанавливаем условие target_user_id <> target_user_id
ALTER TABLE friendships ADD CHECK(initiator_user_id <> target_user_id);

INSERT INTO `likes` (`id`, `user_id`, `media_id`, `created_at`) VALUES ('1', '101', '1', '2018-11-24 19:00:25');
INSERT INTO `likes` (`id`, `user_id`, `media_id`, `created_at`) VALUES ('2', '102', '2', '1983-03-14 20:07:58');
INSERT INTO `likes` (`id`, `user_id`, `media_id`, `created_at`) VALUES ('3', '103', '3', '1991-09-26 07:26:10');
INSERT INTO `likes` (`id`, `user_id`, `media_id`, `created_at`) VALUES ('4', '104', '4', '1986-11-16 08:59:40');
INSERT INTO `likes` (`id`, `user_id`, `media_id`, `created_at`) VALUES ('5', '105', '5', '1983-05-01 05:08:12');
INSERT INTO `likes` (`id`, `user_id`, `media_id`, `created_at`) VALUES ('6', '106', '6', '2009-07-29 09:33:20');
INSERT INTO `likes` (`id`, `user_id`, `media_id`, `created_at`) VALUES ('7', '107', '7', '1993-07-01 16:01:59');
INSERT INTO `likes` (`id`, `user_id`, `media_id`, `created_at`) VALUES ('8', '108', '8', '2021-03-09 06:33:59');
INSERT INTO `likes` (`id`, `user_id`, `media_id`, `created_at`) VALUES ('9', '109', '9', '1985-01-27 23:29:49');
INSERT INTO `likes` (`id`, `user_id`, `media_id`, `created_at`) VALUES ('10', '110', '10', '2011-06-12 18:28:13');
INSERT INTO `likes` (`id`, `user_id`, `media_id`, `created_at`) VALUES ('11', '115', '11', '2016-09-10 09:25:03');
INSERT INTO `likes` (`id`, `user_id`, `media_id`, `created_at`) VALUES ('12', '117', '12', '2014-09-11 14:23:30');
INSERT INTO `likes` (`id`, `user_id`, `media_id`, `created_at`) VALUES ('13', '119', '13', '2002-05-29 15:39:29');
INSERT INTO `likes` (`id`, `user_id`, `media_id`, `created_at`) VALUES ('14', '121', '14', '1980-08-01 20:45:19');
INSERT INTO `likes` (`id`, `user_id`, `media_id`, `created_at`) VALUES ('15', '122', '15', '2012-04-03 15:29:59');
INSERT INTO `likes` (`id`, `user_id`, `media_id`, `created_at`) VALUES ('16', '124', '16', '2018-10-31 19:20:24');
INSERT INTO `likes` (`id`, `user_id`, `media_id`, `created_at`) VALUES ('17', '127', '17', '1971-10-16 05:55:54');
INSERT INTO `likes` (`id`, `user_id`, `media_id`, `created_at`) VALUES ('18', '130', '18', '1971-03-29 23:16:54');
INSERT INTO `likes` (`id`, `user_id`, `media_id`, `created_at`) VALUES ('19', '135', '19', '1990-02-12 05:52:56');
INSERT INTO `likes` (`id`, `user_id`, `media_id`, `created_at`) VALUES ('20', '138', '20', '1987-06-05 03:30:39');
INSERT INTO `likes` (`id`, `user_id`, `media_id`, `created_at`) VALUES ('21', '139', '21', '1999-05-06 05:02:20');
INSERT INTO `likes` (`id`, `user_id`, `media_id`, `created_at`) VALUES ('22', '140', '22', '2001-02-18 02:17:32');
INSERT INTO `likes` (`id`, `user_id`, `media_id`, `created_at`) VALUES ('23', '142', '23', '1984-06-01 06:45:28');
INSERT INTO `likes` (`id`, `user_id`, `media_id`, `created_at`) VALUES ('24', '143', '24', '2017-08-28 21:24:19');
INSERT INTO `likes` (`id`, `user_id`, `media_id`, `created_at`) VALUES ('25', '145', '25', '1992-06-09 07:15:43');
INSERT INTO `likes` (`id`, `user_id`, `media_id`, `created_at`) VALUES ('26', '149', '26', '1994-10-07 06:00:15');
INSERT INTO `likes` (`id`, `user_id`, `media_id`, `created_at`) VALUES ('27', '150', '27', '1974-09-10 10:17:13');
INSERT INTO `likes` (`id`, `user_id`, `media_id`, `created_at`) VALUES ('28', '151', '28', '1996-11-29 21:19:32');
INSERT INTO `likes` (`id`, `user_id`, `media_id`, `created_at`) VALUES ('29', '152', '29', '1986-10-23 20:33:55');
INSERT INTO `likes` (`id`, `user_id`, `media_id`, `created_at`) VALUES ('30', '154', '30', '1991-06-02 05:42:58');
INSERT INTO `likes` (`id`, `user_id`, `media_id`, `created_at`) VALUES ('31', '155', '31', '1984-07-12 13:01:05');
INSERT INTO `likes` (`id`, `user_id`, `media_id`, `created_at`) VALUES ('32', '157', '32', '2015-10-02 18:48:22');
INSERT INTO `likes` (`id`, `user_id`, `media_id`, `created_at`) VALUES ('33', '161', '33', '1982-12-27 12:30:17');
INSERT INTO `likes` (`id`, `user_id`, `media_id`, `created_at`) VALUES ('34', '164', '34', '1971-04-21 10:09:30');
INSERT INTO `likes` (`id`, `user_id`, `media_id`, `created_at`) VALUES ('35', '166', '35', '1975-01-24 09:47:07');
INSERT INTO `likes` (`id`, `user_id`, `media_id`, `created_at`) VALUES ('36', '168', '36', '1991-01-02 23:38:50');
INSERT INTO `likes` (`id`, `user_id`, `media_id`, `created_at`) VALUES ('37', '169', '37', '1979-05-04 11:12:28');
INSERT INTO `likes` (`id`, `user_id`, `media_id`, `created_at`) VALUES ('38', '174', '38', '1982-12-19 00:04:38');
INSERT INTO `likes` (`id`, `user_id`, `media_id`, `created_at`) VALUES ('39', '176', '39', '2002-04-16 07:34:52');
INSERT INTO `likes` (`id`, `user_id`, `media_id`, `created_at`) VALUES ('40', '177', '40', '1975-06-24 17:21:25');
INSERT INTO `likes` (`id`, `user_id`, `media_id`, `created_at`) VALUES ('41', '180', '41', '2004-07-11 15:03:35');
INSERT INTO `likes` (`id`, `user_id`, `media_id`, `created_at`) VALUES ('42', '185', '42', '2019-03-10 16:42:42');
INSERT INTO `likes` (`id`, `user_id`, `media_id`, `created_at`) VALUES ('43', '188', '43', '1986-09-25 09:16:48');
INSERT INTO `likes` (`id`, `user_id`, `media_id`, `created_at`) VALUES ('44', '190', '44', '1984-01-30 10:20:56');
INSERT INTO `likes` (`id`, `user_id`, `media_id`, `created_at`) VALUES ('45', '191', '45', '2020-11-05 10:07:21');
INSERT INTO `likes` (`id`, `user_id`, `media_id`, `created_at`) VALUES ('46', '193', '46', '1976-06-27 06:39:51');
INSERT INTO `likes` (`id`, `user_id`, `media_id`, `created_at`) VALUES ('47', '195', '47', '1976-04-04 06:42:34');
INSERT INTO `likes` (`id`, `user_id`, `media_id`, `created_at`) VALUES ('48', '196', '48', '1984-04-24 22:34:40');
INSERT INTO `likes` (`id`, `user_id`, `media_id`, `created_at`) VALUES ('49', '197', '49', '2010-04-08 19:26:19');
INSERT INTO `likes` (`id`, `user_id`, `media_id`, `created_at`) VALUES ('50', '101', '50', '2021-07-22 13:52:13');
INSERT INTO `likes` (`id`, `user_id`, `media_id`, `created_at`) VALUES ('51', '102', '51', '2010-06-25 06:22:04');
INSERT INTO `likes` (`id`, `user_id`, `media_id`, `created_at`) VALUES ('52', '103', '52', '1987-04-16 02:59:40');
INSERT INTO `likes` (`id`, `user_id`, `media_id`, `created_at`) VALUES ('53', '104', '53', '2014-04-21 02:45:26');
INSERT INTO `likes` (`id`, `user_id`, `media_id`, `created_at`) VALUES ('54', '105', '54', '1992-04-06 20:22:28');
INSERT INTO `likes` (`id`, `user_id`, `media_id`, `created_at`) VALUES ('55', '106', '55', '1972-01-29 20:25:40');
INSERT INTO `likes` (`id`, `user_id`, `media_id`, `created_at`) VALUES ('56', '107', '56', '1997-12-10 13:29:42');
INSERT INTO `likes` (`id`, `user_id`, `media_id`, `created_at`) VALUES ('57', '108', '57', '2002-05-24 07:14:03');
INSERT INTO `likes` (`id`, `user_id`, `media_id`, `created_at`) VALUES ('58', '109', '58', '2000-08-31 18:46:14');
INSERT INTO `likes` (`id`, `user_id`, `media_id`, `created_at`) VALUES ('59', '110', '59', '1970-03-03 01:59:23');
INSERT INTO `likes` (`id`, `user_id`, `media_id`, `created_at`) VALUES ('60', '115', '60', '2011-09-23 23:22:19');
INSERT INTO `likes` (`id`, `user_id`, `media_id`, `created_at`) VALUES ('61', '117', '61', '1988-09-01 06:03:36');
INSERT INTO `likes` (`id`, `user_id`, `media_id`, `created_at`) VALUES ('62', '119', '62', '1990-06-03 08:20:31');
INSERT INTO `likes` (`id`, `user_id`, `media_id`, `created_at`) VALUES ('63', '121', '63', '2001-12-21 00:30:16');
INSERT INTO `likes` (`id`, `user_id`, `media_id`, `created_at`) VALUES ('64', '122', '64', '2002-10-21 00:40:08');
INSERT INTO `likes` (`id`, `user_id`, `media_id`, `created_at`) VALUES ('65', '124', '65', '1979-07-21 19:42:42');
INSERT INTO `likes` (`id`, `user_id`, `media_id`, `created_at`) VALUES ('66', '127', '66', '1990-10-26 09:11:26');
INSERT INTO `likes` (`id`, `user_id`, `media_id`, `created_at`) VALUES ('67', '130', '67', '1984-01-06 10:49:04');
INSERT INTO `likes` (`id`, `user_id`, `media_id`, `created_at`) VALUES ('68', '135', '68', '1985-11-29 12:53:54');
INSERT INTO `likes` (`id`, `user_id`, `media_id`, `created_at`) VALUES ('69', '138', '69', '1989-05-18 06:09:35');
INSERT INTO `likes` (`id`, `user_id`, `media_id`, `created_at`) VALUES ('70', '139', '70', '1997-10-07 01:31:52');
INSERT INTO `likes` (`id`, `user_id`, `media_id`, `created_at`) VALUES ('71', '140', '71', '2021-02-07 21:29:54');
INSERT INTO `likes` (`id`, `user_id`, `media_id`, `created_at`) VALUES ('72', '142', '72', '1971-03-04 04:57:23');
INSERT INTO `likes` (`id`, `user_id`, `media_id`, `created_at`) VALUES ('73', '143', '73', '2000-11-03 10:12:16');
INSERT INTO `likes` (`id`, `user_id`, `media_id`, `created_at`) VALUES ('74', '145', '74', '2009-12-18 01:00:30');
INSERT INTO `likes` (`id`, `user_id`, `media_id`, `created_at`) VALUES ('75', '149', '75', '1997-12-15 02:48:33');
INSERT INTO `likes` (`id`, `user_id`, `media_id`, `created_at`) VALUES ('76', '150', '76', '2014-01-31 07:47:53');
INSERT INTO `likes` (`id`, `user_id`, `media_id`, `created_at`) VALUES ('77', '151', '77', '2017-01-07 04:03:28');
INSERT INTO `likes` (`id`, `user_id`, `media_id`, `created_at`) VALUES ('78', '152', '78', '1973-03-27 00:27:33');
INSERT INTO `likes` (`id`, `user_id`, `media_id`, `created_at`) VALUES ('79', '154', '79', '2005-12-22 03:31:11');
INSERT INTO `likes` (`id`, `user_id`, `media_id`, `created_at`) VALUES ('80', '155', '80', '2010-03-22 04:43:22');
INSERT INTO `likes` (`id`, `user_id`, `media_id`, `created_at`) VALUES ('81', '157', '81', '1978-12-27 00:26:58');
INSERT INTO `likes` (`id`, `user_id`, `media_id`, `created_at`) VALUES ('82', '161', '82', '1978-03-26 05:58:27');
INSERT INTO `likes` (`id`, `user_id`, `media_id`, `created_at`) VALUES ('83', '164', '83', '2012-10-04 00:46:12');
INSERT INTO `likes` (`id`, `user_id`, `media_id`, `created_at`) VALUES ('84', '166', '84', '1970-08-02 21:54:20');
INSERT INTO `likes` (`id`, `user_id`, `media_id`, `created_at`) VALUES ('85', '168', '85', '2020-07-10 10:24:34');
INSERT INTO `likes` (`id`, `user_id`, `media_id`, `created_at`) VALUES ('86', '169', '86', '1982-08-08 04:51:38');
INSERT INTO `likes` (`id`, `user_id`, `media_id`, `created_at`) VALUES ('87', '174', '87', '1983-07-20 05:12:23');
INSERT INTO `likes` (`id`, `user_id`, `media_id`, `created_at`) VALUES ('88', '176', '88', '1991-11-21 20:47:35');
INSERT INTO `likes` (`id`, `user_id`, `media_id`, `created_at`) VALUES ('89', '177', '89', '1976-06-11 09:48:54');
INSERT INTO `likes` (`id`, `user_id`, `media_id`, `created_at`) VALUES ('90', '180', '90', '1998-12-16 16:56:45');
INSERT INTO `likes` (`id`, `user_id`, `media_id`, `created_at`) VALUES ('91', '185', '91', '1985-05-17 11:15:23');
INSERT INTO `likes` (`id`, `user_id`, `media_id`, `created_at`) VALUES ('92', '188', '92', '1984-09-03 09:51:55');
INSERT INTO `likes` (`id`, `user_id`, `media_id`, `created_at`) VALUES ('93', '190', '93', '2007-05-31 12:10:01');
INSERT INTO `likes` (`id`, `user_id`, `media_id`, `created_at`) VALUES ('94', '191', '94', '2021-10-22 04:40:47');
INSERT INTO `likes` (`id`, `user_id`, `media_id`, `created_at`) VALUES ('95', '193', '95', '2006-09-25 23:22:01');
INSERT INTO `likes` (`id`, `user_id`, `media_id`, `created_at`) VALUES ('96', '195', '96', '1984-09-28 10:21:09');
INSERT INTO `likes` (`id`, `user_id`, `media_id`, `created_at`) VALUES ('97', '196', '97', '1988-11-25 18:17:04');
INSERT INTO `likes` (`id`, `user_id`, `media_id`, `created_at`) VALUES ('98', '197', '98', '2019-12-10 10:38:12');
INSERT INTO `likes` (`id`, `user_id`, `media_id`, `created_at`) VALUES ('99', '101', '99', '1999-02-03 03:32:15');
INSERT INTO `likes` (`id`, `user_id`, `media_id`, `created_at`) VALUES ('100', '102', '100', '1972-07-09 10:30:47');

INSERT INTO `media` (`id`, `media_type_id`, `user_id`, `body`, `filename`, `size`, `metadata`, `created_at`, `updated_at`) VALUES ('1', '1', '101', 'Expedita vero ipsum aut qui. Et cupiditate praesentium soluta maiores impedit. Voluptates neque eaque et laboriosam atque veritatis.', 'facilis', 5521, NULL, '2011-11-05 12:49:09', '1976-02-12 11:24:45');
INSERT INTO `media` (`id`, `media_type_id`, `user_id`, `body`, `filename`, `size`, `metadata`, `created_at`, `updated_at`) VALUES ('2', '2', '102', 'Ea accusantium accusamus molestiae dicta quas sit laborum. Corporis voluptas ea ab voluptatum nam voluptatem. Quos ipsam facilis magni ipsum.', 'inventore', 1547775, NULL, '2016-12-26 22:13:00', '2015-02-13 06:47:23');
INSERT INTO `media` (`id`, `media_type_id`, `user_id`, `body`, `filename`, `size`, `metadata`, `created_at`, `updated_at`) VALUES ('3', '3', '103', 'Esse alias eum sed praesentium consequatur reiciendis repellendus deleniti. Rerum ut soluta sunt provident optio. Et beatae inventore ex quis id labore eaque et. Laudantium optio voluptas laborum consequatur nostrum.', 'qui', 83556214, NULL, '1989-09-01 07:12:02', '2011-12-09 04:08:16');
INSERT INTO `media` (`id`, `media_type_id`, `user_id`, `body`, `filename`, `size`, `metadata`, `created_at`, `updated_at`) VALUES ('4', '4', '104', 'Saepe quis ex reprehenderit enim. At vel non veritatis sit. Molestiae mollitia ut error quod. Rerum consequatur esse minus dolorem dolore repudiandae.', 'placeat', 26565507, NULL, '2009-07-23 01:50:26', '2004-05-05 09:59:01');
INSERT INTO `media` (`id`, `media_type_id`, `user_id`, `body`, `filename`, `size`, `metadata`, `created_at`, `updated_at`) VALUES ('5', '5', '105', 'Et ut eos eius quia voluptatem. Placeat ut voluptatem est quia expedita dolor. Consequuntur ad quibusdam adipisci repudiandae sit eligendi mollitia.', 'et', 6803, NULL, '1976-03-12 07:04:58', '1988-02-15 20:29:58');
INSERT INTO `media` (`id`, `media_type_id`, `user_id`, `body`, `filename`, `size`, `metadata`, `created_at`, `updated_at`) VALUES ('6', '1', '106', 'Quaerat cupiditate architecto repellendus tenetur nesciunt. Reiciendis harum et facilis ut sunt. Quia tempora quod eum dolor perferendis quo et. Repellat voluptates qui quis blanditiis optio neque.', 'recusandae', 0, NULL, '1984-06-24 21:19:37', '2019-08-28 14:23:41');
INSERT INTO `media` (`id`, `media_type_id`, `user_id`, `body`, `filename`, `size`, `metadata`, `created_at`, `updated_at`) VALUES ('7', '2', '107', 'Perferendis a magnam temporibus dolorem. Id sit nobis quia. Voluptatem in perferendis mollitia maiores sit.', 'vel', 29764, NULL, '2005-12-27 00:28:21', '1970-10-15 20:00:43');
INSERT INTO `media` (`id`, `media_type_id`, `user_id`, `body`, `filename`, `size`, `metadata`, `created_at`, `updated_at`) VALUES ('8', '3', '108', 'Velit sequi assumenda quo ut voluptate culpa. Quae numquam non dolores tenetur ducimus nulla. Fugiat ea saepe accusamus dolore. Dolor soluta autem aliquam nobis. Omnis quia numquam hic dolorem accusantium illo aut voluptate.', 'consequuntur', 0, NULL, '2017-08-16 15:44:55', '1972-03-23 04:20:49');
INSERT INTO `media` (`id`, `media_type_id`, `user_id`, `body`, `filename`, `size`, `metadata`, `created_at`, `updated_at`) VALUES ('9', '4', '109', 'Sunt nam fugit nihil iste. Sit deserunt deleniti laboriosam dolores ut est. Voluptatem harum sed et et. Sunt recusandae enim aspernatur sed.', 'et', 22252223, NULL, '1999-05-05 06:59:34', '1971-06-09 20:17:02');
INSERT INTO `media` (`id`, `media_type_id`, `user_id`, `body`, `filename`, `size`, `metadata`, `created_at`, `updated_at`) VALUES ('10', '5', '110', 'Voluptas est maxime unde rerum corporis eos. Quaerat consequatur est blanditiis veniam.', 'quisquam', 67, NULL, '1998-07-27 19:05:12', '2010-11-22 03:26:28');
INSERT INTO `media` (`id`, `media_type_id`, `user_id`, `body`, `filename`, `size`, `metadata`, `created_at`, `updated_at`) VALUES ('11', '1', '115', 'Harum quo expedita deleniti amet aut ut sapiente officiis. Delectus quos vel quis nesciunt deserunt illum. Laboriosam aliquid odit possimus voluptatibus voluptas cupiditate.', 'doloremque', 79, NULL, '2017-06-11 06:00:13', '2017-06-23 06:32:16');
INSERT INTO `media` (`id`, `media_type_id`, `user_id`, `body`, `filename`, `size`, `metadata`, `created_at`, `updated_at`) VALUES ('12', '2', '117', 'Consequatur illo vero est aliquam. Doloribus aliquam impedit qui aperiam praesentium. In dolorem ducimus voluptas facilis quisquam maxime nesciunt.', 'mollitia', 490514, NULL, '1976-02-06 13:33:42', '1981-02-19 09:47:24');
INSERT INTO `media` (`id`, `media_type_id`, `user_id`, `body`, `filename`, `size`, `metadata`, `created_at`, `updated_at`) VALUES ('13', '3', '119', 'Dolores et consequuntur quae ipsa nam quis odio. Autem aut itaque et aut eaque inventore aspernatur. Sed minus rem voluptatem ut tempora ipsa. Aut sunt consequatur repudiandae nemo temporibus. Blanditiis mollitia quia vel quae nobis et et nesciunt.', 'et', 122048498, NULL, '1992-12-19 08:22:07', '2001-07-17 20:22:21');
INSERT INTO `media` (`id`, `media_type_id`, `user_id`, `body`, `filename`, `size`, `metadata`, `created_at`, `updated_at`) VALUES ('14', '4', '121', 'Illo nisi omnis architecto excepturi voluptate. Hic officiis minima rem alias expedita ex. A voluptatem magnam architecto delectus accusamus voluptatem voluptatem.', 'ut', 579, NULL, '2008-03-23 16:34:33', '1988-02-05 10:15:34');
INSERT INTO `media` (`id`, `media_type_id`, `user_id`, `body`, `filename`, `size`, `metadata`, `created_at`, `updated_at`) VALUES ('15', '5', '122', 'Adipisci quae aut architecto rerum quidem dolor. Molestiae voluptatem ullam ut officiis iure vel necessitatibus. Deserunt vel est aut mollitia qui. At et voluptatem velit voluptatem.', 'non', 204381, NULL, '2017-12-05 08:56:50', '1996-12-22 04:20:28');
INSERT INTO `media` (`id`, `media_type_id`, `user_id`, `body`, `filename`, `size`, `metadata`, `created_at`, `updated_at`) VALUES ('16', '1', '124', 'Deserunt suscipit et dolores eligendi illum tenetur eum voluptas. Molestiae quae non aut quis nesciunt. Beatae debitis dolore error iure non. Quod nemo natus et eius natus consequuntur placeat.', 'ipsum', 0, NULL, '1977-05-12 22:21:42', '1995-12-02 11:09:16');
INSERT INTO `media` (`id`, `media_type_id`, `user_id`, `body`, `filename`, `size`, `metadata`, `created_at`, `updated_at`) VALUES ('17', '2', '127', 'Sed sint consequatur fugit est impedit nisi. Eum sit nisi tempora voluptatibus et repellat inventore. Cum eos nobis nesciunt deleniti. Quo dolores mollitia sint laboriosam.', 'neque', 550239, NULL, '2000-02-09 00:31:25', '2005-11-07 08:47:39');
INSERT INTO `media` (`id`, `media_type_id`, `user_id`, `body`, `filename`, `size`, `metadata`, `created_at`, `updated_at`) VALUES ('18', '3', '130', 'Ea veritatis quod ducimus dolor quae. Dolor consequuntur occaecati provident aspernatur ipsa error aut.', 'et', 56797289, NULL, '1978-10-30 22:21:13', '1988-05-22 19:46:29');
INSERT INTO `media` (`id`, `media_type_id`, `user_id`, `body`, `filename`, `size`, `metadata`, `created_at`, `updated_at`) VALUES ('19', '4', '135', 'Qui enim dolore autem porro ut ipsam dignissimos. Qui nulla ex ut. Nihil voluptas illum eligendi.', 'illo', 0, NULL, '2019-01-25 03:26:28', '1992-07-02 17:37:51');
INSERT INTO `media` (`id`, `media_type_id`, `user_id`, `body`, `filename`, `size`, `metadata`, `created_at`, `updated_at`) VALUES ('20', '5', '138', 'Culpa ipsum recusandae cupiditate et rerum. Molestiae laboriosam et expedita sed. Rerum vel dolor ut odio aut dolor amet.', 'illo', 0, NULL, '2001-09-11 19:35:19', '1988-07-25 00:49:14');
INSERT INTO `media` (`id`, `media_type_id`, `user_id`, `body`, `filename`, `size`, `metadata`, `created_at`, `updated_at`) VALUES ('21', '1', '139', 'Deserunt repellendus corporis doloremque. Et dolore tempore enim. Maiores magni eum non quibusdam impedit vel modi rem.', 'nulla', 8541, NULL, '1981-02-16 12:24:47', '1988-03-04 15:16:18');
INSERT INTO `media` (`id`, `media_type_id`, `user_id`, `body`, `filename`, `size`, `metadata`, `created_at`, `updated_at`) VALUES ('22', '2', '140', 'Sit dignissimos odit laborum dolor rerum. Ad qui illo totam autem dignissimos blanditiis vitae. Fugit aspernatur voluptas reiciendis est. Occaecati dolorum omnis ut et amet molestiae.', 'temporibus', 0, NULL, '1980-10-13 20:59:46', '2005-11-12 16:06:56');
INSERT INTO `media` (`id`, `media_type_id`, `user_id`, `body`, `filename`, `size`, `metadata`, `created_at`, `updated_at`) VALUES ('23', '3', '142', 'Consequatur adipisci nihil vero dolor veritatis. In libero excepturi possimus maiores vel tempore nihil. Officia quis aut voluptatibus ipsam.', 'sed', 4296931, NULL, '1997-11-19 08:36:53', '1982-02-22 20:33:59');
INSERT INTO `media` (`id`, `media_type_id`, `user_id`, `body`, `filename`, `size`, `metadata`, `created_at`, `updated_at`) VALUES ('24', '4', '143', 'Suscipit cumque numquam voluptate dignissimos occaecati illum. Quasi vitae dolore et molestiae et sint ipsum. Laborum quia vitae repudiandae voluptas. Et at commodi dolor quaerat consequuntur. Consequuntur et accusantium autem non sed odit et.', 'nobis', 700, NULL, '1982-11-12 02:12:08', '1970-05-28 05:34:27');
INSERT INTO `media` (`id`, `media_type_id`, `user_id`, `body`, `filename`, `size`, `metadata`, `created_at`, `updated_at`) VALUES ('25', '5', '145', 'Deserunt sed minus recusandae at repudiandae amet repudiandae. Est laborum fugit explicabo voluptatem minima et placeat velit. Reprehenderit vero maxime quo sapiente velit. Ea hic sed doloremque similique libero.', 'sit', 5330, NULL, '1972-05-06 07:46:49', '1984-02-25 23:22:58');
INSERT INTO `media` (`id`, `media_type_id`, `user_id`, `body`, `filename`, `size`, `metadata`, `created_at`, `updated_at`) VALUES ('26', '1', '149', 'Illum nihil ad voluptatem accusantium autem autem ipsa corporis. Autem alias eaque qui rerum eligendi dignissimos id. Libero sit vero veritatis. Velit deleniti ipsa assumenda officiis suscipit ex.', 'doloremque', 74796, NULL, '1976-08-04 17:37:37', '2008-10-20 13:44:20');
INSERT INTO `media` (`id`, `media_type_id`, `user_id`, `body`, `filename`, `size`, `metadata`, `created_at`, `updated_at`) VALUES ('27', '2', '150', 'Est numquam nulla odio iure non nisi recusandae. Illo consectetur doloribus sit tenetur nisi. Repellat omnis accusantium animi consequuntur molestias voluptates et.', 'culpa', 94436, NULL, '2020-10-26 22:16:52', '2019-04-23 10:34:49');
INSERT INTO `media` (`id`, `media_type_id`, `user_id`, `body`, `filename`, `size`, `metadata`, `created_at`, `updated_at`) VALUES ('28', '3', '151', 'Ducimus non laboriosam magni totam corrupti. Maxime nemo aspernatur excepturi iste quis quaerat pariatur. Et odit quas amet aliquam quae laboriosam. Laboriosam voluptatibus quod sint quae non fuga reiciendis.', 'quo', 81616723, NULL, '1977-09-23 21:30:14', '2001-07-11 05:48:41');
INSERT INTO `media` (`id`, `media_type_id`, `user_id`, `body`, `filename`, `size`, `metadata`, `created_at`, `updated_at`) VALUES ('29', '4', '152', 'Dolorem dolore recusandae praesentium dignissimos sunt itaque est nulla. Ex autem quia eum omnis. Architecto at commodi autem illum quibusdam qui rerum.', 'nihil', 51341, NULL, '1970-12-18 10:52:06', '2002-05-23 16:22:02');
INSERT INTO `media` (`id`, `media_type_id`, `user_id`, `body`, `filename`, `size`, `metadata`, `created_at`, `updated_at`) VALUES ('30', '5', '154', 'Minus voluptate est qui tempora tempore delectus. Laboriosam sit est voluptatum atque maxime non quaerat. Quod ut qui dolorum et praesentium et repudiandae ullam.', 'voluptatem', 3, NULL, '2006-04-27 23:24:41', '2016-08-14 11:12:39');
INSERT INTO `media` (`id`, `media_type_id`, `user_id`, `body`, `filename`, `size`, `metadata`, `created_at`, `updated_at`) VALUES ('31', '1', '155', 'Debitis quibusdam occaecati nam ab qui aut. Eaque architecto sit architecto. Quisquam quo ut blanditiis velit architecto. Deserunt ullam reiciendis eum alias temporibus.', 'itaque', 988893, NULL, '2016-05-16 08:20:12', '2015-10-29 02:49:08');
INSERT INTO `media` (`id`, `media_type_id`, `user_id`, `body`, `filename`, `size`, `metadata`, `created_at`, `updated_at`) VALUES ('32', '2', '157', 'Dolores numquam quam pariatur unde. Perferendis quidem et officiis cupiditate recusandae ut. Doloremque odit nesciunt est fugit quia qui consequatur.', 'reprehenderit', 0, NULL, '2005-12-12 02:16:35', '2008-11-22 00:01:34');
INSERT INTO `media` (`id`, `media_type_id`, `user_id`, `body`, `filename`, `size`, `metadata`, `created_at`, `updated_at`) VALUES ('33', '3', '161', 'Ab sunt aut perferendis repudiandae eius doloribus. Vitae aut excepturi ut et quod molestiae ea. Excepturi praesentium quia atque voluptates magnam.', 'perspiciatis', 193856358, NULL, '1989-07-23 14:52:24', '1990-10-03 02:38:12');
INSERT INTO `media` (`id`, `media_type_id`, `user_id`, `body`, `filename`, `size`, `metadata`, `created_at`, `updated_at`) VALUES ('34', '4', '164', 'Sit est quisquam placeat dolorem qui illum sequi. Fugiat placeat itaque et aliquam. Aliquid reiciendis optio repellendus et impedit dolores. Voluptatem qui repellendus in mollitia.', 'et', 0, NULL, '1972-04-07 20:51:58', '1977-08-30 18:27:05');
INSERT INTO `media` (`id`, `media_type_id`, `user_id`, `body`, `filename`, `size`, `metadata`, `created_at`, `updated_at`) VALUES ('35', '5', '166', 'Dicta fugit nemo aut eos nesciunt. Est voluptas exercitationem id est velit. Ab quibusdam aut placeat ut nostrum. Voluptatum eaque dicta voluptatibus ut eaque recusandae.', 'illo', 5, NULL, '1997-08-12 18:38:37', '1986-02-23 14:08:50');
INSERT INTO `media` (`id`, `media_type_id`, `user_id`, `body`, `filename`, `size`, `metadata`, `created_at`, `updated_at`) VALUES ('36', '1', '168', 'Recusandae perspiciatis facilis maiores ab excepturi quia et. Ut ut quia unde mollitia. Earum distinctio qui autem laboriosam et. Quis impedit quo in voluptatem mollitia autem rerum sit.', 'eligendi', 31448, NULL, '2005-08-02 14:22:22', '2013-01-26 22:08:31');
INSERT INTO `media` (`id`, `media_type_id`, `user_id`, `body`, `filename`, `size`, `metadata`, `created_at`, `updated_at`) VALUES ('37', '2', '169', 'Veritatis vel ipsa quia est eum eius. Eius ipsam natus id tenetur repellendus soluta dolores sunt. Qui ratione voluptates dolores asperiores qui.', 'facere', 800061, NULL, '1978-12-12 06:37:19', '1994-05-13 17:38:43');
INSERT INTO `media` (`id`, `media_type_id`, `user_id`, `body`, `filename`, `size`, `metadata`, `created_at`, `updated_at`) VALUES ('38', '3', '174', 'Adipisci exercitationem consequatur voluptas voluptatem consequuntur quibusdam qui. Facere eveniet dolor alias minima et dicta. In repellendus reiciendis ut necessitatibus excepturi inventore.', 'ipsam', 380, NULL, '2018-04-26 20:21:41', '2011-12-30 14:42:25');
INSERT INTO `media` (`id`, `media_type_id`, `user_id`, `body`, `filename`, `size`, `metadata`, `created_at`, `updated_at`) VALUES ('39', '4', '176', 'Omnis non dolor et qui. Voluptatem occaecati et sint quo nemo dolores. Asperiores id a a numquam magnam in sint. Est molestias dolorum praesentium ea earum.', 'odit', 38248428, NULL, '1989-01-28 08:14:21', '1988-07-27 02:33:19');
INSERT INTO `media` (`id`, `media_type_id`, `user_id`, `body`, `filename`, `size`, `metadata`, `created_at`, `updated_at`) VALUES ('40', '5', '177', 'Sunt eum excepturi earum ex. Nihil nihil nemo et. Dolores rerum ut sed culpa et sapiente dolore. Quis ut blanditiis beatae illum deserunt aperiam.', 'facilis', 70885, NULL, '1972-06-18 07:32:57', '1985-04-06 16:39:05');
INSERT INTO `media` (`id`, `media_type_id`, `user_id`, `body`, `filename`, `size`, `metadata`, `created_at`, `updated_at`) VALUES ('41', '1', '180', 'Et debitis facere itaque voluptas. Ad ut repellendus sit dolor qui sit. Consequatur sed qui sed doloribus.', 'et', 6775, NULL, '1977-06-13 10:11:46', '1986-10-04 13:17:20');
INSERT INTO `media` (`id`, `media_type_id`, `user_id`, `body`, `filename`, `size`, `metadata`, `created_at`, `updated_at`) VALUES ('42', '2', '185', 'Quia fuga sapiente qui cumque. Rerum non dolorem quia hic. Rerum sunt qui totam fuga a. Harum eos ut officia sunt eligendi quidem molestias.', 'voluptas', 349, NULL, '1971-01-19 09:05:48', '1973-07-07 15:00:17');
INSERT INTO `media` (`id`, `media_type_id`, `user_id`, `body`, `filename`, `size`, `metadata`, `created_at`, `updated_at`) VALUES ('43', '3', '188', 'Perferendis optio qui molestiae explicabo sint sit. Eius molestiae eos tempora nobis expedita.', 'quae', 670533814, NULL, '1995-03-05 02:34:32', '2000-11-15 18:58:22');
INSERT INTO `media` (`id`, `media_type_id`, `user_id`, `body`, `filename`, `size`, `metadata`, `created_at`, `updated_at`) VALUES ('44', '4', '190', 'Sed quia ab mollitia necessitatibus aut ad suscipit. Incidunt possimus facere a perspiciatis voluptas. Illum consequatur consequuntur nulla consequatur. Rem consectetur dignissimos nam quia.', 'quidem', 240747, NULL, '1976-08-11 01:06:44', '1991-09-15 13:51:41');
INSERT INTO `media` (`id`, `media_type_id`, `user_id`, `body`, `filename`, `size`, `metadata`, `created_at`, `updated_at`) VALUES ('45', '5', '191', 'Earum mollitia fugit est fugit. Non non delectus dolores dolore dolor. Ut est placeat labore id quasi rem doloribus. Soluta tempore blanditiis ratione deserunt nam.', 'aut', 0, NULL, '2009-03-28 12:13:27', '2020-09-16 12:12:49');
INSERT INTO `media` (`id`, `media_type_id`, `user_id`, `body`, `filename`, `size`, `metadata`, `created_at`, `updated_at`) VALUES ('46', '1', '193', 'Rerum neque earum ipsa asperiores perspiciatis aut. A veniam necessitatibus et et ipsa. Illo nemo molestiae quaerat nobis asperiores aut. Nesciunt tenetur sit amet laborum tempore. Suscipit sit et et alias.', 'voluptates', 9, NULL, '1974-05-09 22:42:49', '2001-11-19 12:21:12');
INSERT INTO `media` (`id`, `media_type_id`, `user_id`, `body`, `filename`, `size`, `metadata`, `created_at`, `updated_at`) VALUES ('47', '2', '195', 'Est quas cupiditate aut delectus dolorem qui ea ad. Mollitia ad qui natus aut et. Nihil impedit ipsa nihil.', 'dolorem', 8898, NULL, '1986-03-08 05:35:51', '1970-05-05 05:28:31');
INSERT INTO `media` (`id`, `media_type_id`, `user_id`, `body`, `filename`, `size`, `metadata`, `created_at`, `updated_at`) VALUES ('48', '3', '196', 'Aut enim voluptatem et esse eveniet. Ullam veniam laudantium facere eligendi dignissimos. Consequatur minima repellat veniam ullam nihil. Non illum eligendi maxime incidunt quibusdam amet.', 'impedit', 8722984, NULL, '1992-07-23 19:22:33', '1983-06-17 15:04:23');
INSERT INTO `media` (`id`, `media_type_id`, `user_id`, `body`, `filename`, `size`, `metadata`, `created_at`, `updated_at`) VALUES ('49', '4', '197', 'Porro sunt repellat ipsa quibusdam. Tenetur ut consequatur magni aliquam.', 'cupiditate', 3487423, NULL, '2008-02-02 02:08:40', '2018-03-28 00:50:11');
INSERT INTO `media` (`id`, `media_type_id`, `user_id`, `body`, `filename`, `size`, `metadata`, `created_at`, `updated_at`) VALUES ('50', '5', '101', 'Voluptas dolore repellendus accusamus aut dolor laboriosam. Voluptatum earum molestiae impedit provident. Perspiciatis error possimus eum accusantium. Corporis sunt aperiam eum quas aliquam et voluptatem.', 'et', 59361, NULL, '2009-06-18 10:56:18', '2012-09-09 10:30:53');
INSERT INTO `media` (`id`, `media_type_id`, `user_id`, `body`, `filename`, `size`, `metadata`, `created_at`, `updated_at`) VALUES ('51', '1', '102', 'Quia odio aliquid in sed dolor. Harum natus et ad beatae. Ullam natus sit nisi optio.', 'perspiciatis', 2902820, NULL, '2021-05-07 11:14:33', '1983-06-18 07:31:02');
INSERT INTO `media` (`id`, `media_type_id`, `user_id`, `body`, `filename`, `size`, `metadata`, `created_at`, `updated_at`) VALUES ('52', '2', '103', 'Fugit ut doloremque quibusdam provident qui. Maiores eaque beatae ipsam deleniti alias. Fugit est repudiandae quia et unde quidem veritatis. Harum soluta ea temporibus nam aut.', 'quia', 102729516, NULL, '1993-07-08 12:06:20', '2011-07-19 12:05:41');
INSERT INTO `media` (`id`, `media_type_id`, `user_id`, `body`, `filename`, `size`, `metadata`, `created_at`, `updated_at`) VALUES ('53', '3', '104', 'Veniam ullam voluptatem veritatis dicta accusamus. Blanditiis praesentium sit rem qui.', 'sunt', 3915, NULL, '2019-05-04 10:31:53', '1993-06-24 08:32:48');
INSERT INTO `media` (`id`, `media_type_id`, `user_id`, `body`, `filename`, `size`, `metadata`, `created_at`, `updated_at`) VALUES ('54', '4', '105', 'Accusantium sed numquam error praesentium nulla deleniti. Minus sunt eius alias totam autem recusandae quas. Magnam asperiores velit in dolore et repellat ut quae.', 'voluptatem', 1, NULL, '2002-02-03 10:54:37', '2012-01-08 00:40:35');
INSERT INTO `media` (`id`, `media_type_id`, `user_id`, `body`, `filename`, `size`, `metadata`, `created_at`, `updated_at`) VALUES ('55', '5', '106', 'Pariatur nesciunt voluptatem voluptatibus porro possimus molestiae vel sint. Vero cum saepe nihil omnis. Dignissimos consequatur quas maiores. Deleniti eaque eum commodi quia sint dignissimos. Amet ipsum ad dolores quidem minus qui.', 'magni', 89090, NULL, '2013-08-27 17:13:59', '1998-01-30 14:36:37');
INSERT INTO `media` (`id`, `media_type_id`, `user_id`, `body`, `filename`, `size`, `metadata`, `created_at`, `updated_at`) VALUES ('56', '1', '107', 'Qui vitae dicta quis ipsum tempore eos quisquam. Eum quo voluptatem sint omnis nisi. Sint dolorem voluptatum recusandae qui maiores sequi. Illum occaecati ea tenetur nulla beatae voluptatem.', 'explicabo', 593676481, NULL, '2016-04-16 14:39:44', '2017-09-08 04:31:29');
INSERT INTO `media` (`id`, `media_type_id`, `user_id`, `body`, `filename`, `size`, `metadata`, `created_at`, `updated_at`) VALUES ('57', '2', '108', 'Quaerat voluptatem alias dicta voluptas repudiandae totam dignissimos et. Quo expedita non dolorem. Commodi non nobis voluptate aut qui esse.', 'eveniet', 566, NULL, '1993-06-27 09:14:50', '1982-10-17 02:27:43');
INSERT INTO `media` (`id`, `media_type_id`, `user_id`, `body`, `filename`, `size`, `metadata`, `created_at`, `updated_at`) VALUES ('58', '3', '109', 'Earum maiores magni doloremque quod sapiente. Dignissimos repellendus molestias et possimus. Porro dolor inventore consequatur nemo vel molestiae.', 'qui', 32, NULL, '1995-03-19 18:49:47', '1998-02-27 04:24:17');
INSERT INTO `media` (`id`, `media_type_id`, `user_id`, `body`, `filename`, `size`, `metadata`, `created_at`, `updated_at`) VALUES ('59', '4', '110', 'Ratione sed ducimus saepe necessitatibus id possimus repellat. Ipsum sint exercitationem consequatur non. Atque soluta quas aliquam recusandae. Occaecati vero ea cumque et culpa dolorem maxime.', 'qui', 0, NULL, '1992-09-11 00:35:21', '1996-03-09 18:10:13');
INSERT INTO `media` (`id`, `media_type_id`, `user_id`, `body`, `filename`, `size`, `metadata`, `created_at`, `updated_at`) VALUES ('60', '5', '115', 'Consectetur sint repudiandae dolor quam. Voluptatem sit reiciendis voluptates tenetur. Eius est velit necessitatibus consectetur soluta ea.', 'voluptas', 76008369, NULL, '1986-10-16 01:42:33', '1995-05-06 04:58:59');
INSERT INTO `media` (`id`, `media_type_id`, `user_id`, `body`, `filename`, `size`, `metadata`, `created_at`, `updated_at`) VALUES ('61', '1', '117', 'A magnam saepe nihil explicabo odit qui inventore. Alias expedita adipisci laudantium rerum. Qui et excepturi provident neque quaerat facilis adipisci vero.', 'sit', 0, NULL, '1972-04-05 08:49:13', '1985-09-29 09:22:58');
INSERT INTO `media` (`id`, `media_type_id`, `user_id`, `body`, `filename`, `size`, `metadata`, `created_at`, `updated_at`) VALUES ('62', '2', '119', 'Nulla dolore dolorum quis suscipit porro aliquam. Ea et laborum illum aut ea iure qui. Ut dolorem dolorem laboriosam necessitatibus possimus ducimus veniam. Nihil explicabo molestias non quidem.', 'placeat', 536, NULL, '2018-10-21 01:01:04', '1999-09-15 02:16:42');
INSERT INTO `media` (`id`, `media_type_id`, `user_id`, `body`, `filename`, `size`, `metadata`, `created_at`, `updated_at`) VALUES ('63', '3', '121', 'Molestiae perspiciatis fuga perspiciatis vel asperiores. Qui est explicabo accusantium. Amet vel veritatis iusto veniam ut. Maxime non magni ut quia.', 'voluptatem', 685, NULL, '1970-07-17 00:33:28', '2015-12-28 09:49:13');
INSERT INTO `media` (`id`, `media_type_id`, `user_id`, `body`, `filename`, `size`, `metadata`, `created_at`, `updated_at`) VALUES ('64', '4', '122', 'Aperiam quisquam quo aut voluptates occaecati excepturi. Ipsam laudantium est qui velit. Ut et illo blanditiis consequatur excepturi.', 'maiores', 5541, NULL, '2013-04-26 15:37:25', '2004-01-20 03:01:48');
INSERT INTO `media` (`id`, `media_type_id`, `user_id`, `body`, `filename`, `size`, `metadata`, `created_at`, `updated_at`) VALUES ('65', '5', '124', 'Dolore voluptatibus sunt aut voluptas ipsum. Consectetur atque quis autem eum. Amet odio laborum quia quisquam quos quo. Sit dignissimos voluptatem impedit asperiores.', 'necessitatibus', 756, NULL, '1991-10-06 03:09:38', '1979-11-16 16:51:57');
INSERT INTO `media` (`id`, `media_type_id`, `user_id`, `body`, `filename`, `size`, `metadata`, `created_at`, `updated_at`) VALUES ('66', '1', '127', 'Reprehenderit sunt magni ut aperiam. Hic beatae labore officiis eveniet reprehenderit.', 'reiciendis', 4, NULL, '1985-06-03 21:36:46', '1994-05-28 09:31:39');
INSERT INTO `media` (`id`, `media_type_id`, `user_id`, `body`, `filename`, `size`, `metadata`, `created_at`, `updated_at`) VALUES ('67', '2', '130', 'Nemo iusto velit tenetur voluptatem eum molestiae nemo. Itaque qui accusantium ullam magnam officiis minus eum inventore. Libero eos veritatis qui porro quia tenetur placeat. Quaerat quia incidunt ipsa dignissimos.', 'repudiandae', 87606, NULL, '2017-11-15 18:55:18', '1979-04-17 03:37:08');
INSERT INTO `media` (`id`, `media_type_id`, `user_id`, `body`, `filename`, `size`, `metadata`, `created_at`, `updated_at`) VALUES ('68', '3', '135', 'Dolore vel deserunt eveniet itaque rerum voluptatibus. Quia debitis modi eveniet molestiae voluptate error suscipit aspernatur. Voluptas iste alias rem dolorem voluptatibus. Consequatur deleniti et alias et nisi voluptatibus.', 'aut', 7603, NULL, '1979-05-05 15:39:00', '1978-05-17 11:25:41');
INSERT INTO `media` (`id`, `media_type_id`, `user_id`, `body`, `filename`, `size`, `metadata`, `created_at`, `updated_at`) VALUES ('69', '4', '138', 'Veniam labore dolor quis magni est omnis quam dignissimos. Rerum assumenda accusamus dolores quia delectus.', 'harum', 3164, NULL, '2003-12-12 13:58:39', '2001-12-16 13:05:58');
INSERT INTO `media` (`id`, `media_type_id`, `user_id`, `body`, `filename`, `size`, `metadata`, `created_at`, `updated_at`) VALUES ('70', '5', '139', 'Nam reprehenderit qui quos quis dignissimos ullam. Velit qui vel sint. Quia aut dolore alias.', 'corrupti', 0, NULL, '2014-07-16 15:05:03', '2000-02-28 08:00:10');
INSERT INTO `media` (`id`, `media_type_id`, `user_id`, `body`, `filename`, `size`, `metadata`, `created_at`, `updated_at`) VALUES ('71', '1', '140', 'Rem quia fuga quo quis qui voluptates. Fugit sequi aut aut optio. Esse qui qui fugit expedita omnis enim. Quod autem consequatur et est sed illo rerum.', 'qui', 65, NULL, '1977-01-09 12:47:56', '1992-05-15 08:25:44');
INSERT INTO `media` (`id`, `media_type_id`, `user_id`, `body`, `filename`, `size`, `metadata`, `created_at`, `updated_at`) VALUES ('72', '2', '142', 'Architecto est suscipit eius id et. Architecto sit ut similique minima. Id eos aut autem qui.', 'error', 970938, NULL, '1998-10-28 16:55:49', '1987-10-12 21:35:14');
INSERT INTO `media` (`id`, `media_type_id`, `user_id`, `body`, `filename`, `size`, `metadata`, `created_at`, `updated_at`) VALUES ('73', '3', '143', 'Itaque quae molestias accusamus delectus repellendus voluptate est tenetur. Deleniti recusandae a commodi aperiam voluptas. Similique assumenda asperiores enim occaecati.', 'harum', 620667960, NULL, '1982-06-02 00:39:16', '1977-05-16 09:44:30');
INSERT INTO `media` (`id`, `media_type_id`, `user_id`, `body`, `filename`, `size`, `metadata`, `created_at`, `updated_at`) VALUES ('74', '4', '145', 'Perferendis voluptatem molestiae et repellendus. Sit voluptatibus alias enim nemo officia consequuntur. Omnis excepturi expedita error hic a.', 'odit', 10, NULL, '1986-05-13 20:55:38', '1987-08-05 15:25:42');
INSERT INTO `media` (`id`, `media_type_id`, `user_id`, `body`, `filename`, `size`, `metadata`, `created_at`, `updated_at`) VALUES ('75', '5', '149', 'Perspiciatis reiciendis sunt saepe. Neque eligendi similique officiis voluptatem. Earum impedit non quos modi.', 'nulla', 3, NULL, '2008-07-24 21:39:19', '1977-12-07 08:22:21');
INSERT INTO `media` (`id`, `media_type_id`, `user_id`, `body`, `filename`, `size`, `metadata`, `created_at`, `updated_at`) VALUES ('76', '1', '150', 'In sunt suscipit quasi et. Quia soluta voluptatem dolore quas. Voluptatibus itaque qui at modi. Architecto vitae earum ut cumque in aliquam. Eum maxime aut non voluptatem recusandae.', 'officiis', 90668830, NULL, '1985-06-11 02:46:42', '2021-07-11 18:34:09');
INSERT INTO `media` (`id`, `media_type_id`, `user_id`, `body`, `filename`, `size`, `metadata`, `created_at`, `updated_at`) VALUES ('77', '2', '151', 'Omnis recusandae eligendi ut quis eius culpa. Cupiditate et est commodi corporis aut et alias. Veniam harum ut similique odit tenetur. Officiis porro eligendi quod ut magnam consequuntur occaecati.', 'ut', 1508, NULL, '2000-11-17 06:50:17', '2007-02-13 12:38:58');
INSERT INTO `media` (`id`, `media_type_id`, `user_id`, `body`, `filename`, `size`, `metadata`, `created_at`, `updated_at`) VALUES ('78', '3', '152', 'Consequuntur rerum eaque autem omnis eos illo. Maxime repudiandae iusto quasi voluptas suscipit. Ducimus sit quia et aut molestiae eaque quos.', 'vitae', 52, NULL, '2013-10-22 20:39:05', '1978-03-07 22:54:02');
INSERT INTO `media` (`id`, `media_type_id`, `user_id`, `body`, `filename`, `size`, `metadata`, `created_at`, `updated_at`) VALUES ('79', '4', '154', 'Similique deserunt porro ab. Voluptatibus sequi voluptate ducimus quia enim eum. Doloremque possimus eum voluptas sint.', 'suscipit', 5492518, NULL, '1971-06-22 06:59:18', '2021-04-02 04:57:31');
INSERT INTO `media` (`id`, `media_type_id`, `user_id`, `body`, `filename`, `size`, `metadata`, `created_at`, `updated_at`) VALUES ('80', '5', '155', 'Quos excepturi qui explicabo qui. Officiis doloremque praesentium voluptas fugit omnis sed quia suscipit. Placeat et omnis blanditiis dignissimos voluptatem et. Totam fugit et est libero occaecati dolor beatae.', 'omnis', 742, NULL, '1993-05-09 18:54:45', '2017-12-26 19:27:12');
INSERT INTO `media` (`id`, `media_type_id`, `user_id`, `body`, `filename`, `size`, `metadata`, `created_at`, `updated_at`) VALUES ('81', '1', '157', 'Aut deleniti laudantium consequatur aut quia unde repudiandae. Aut soluta labore et sunt similique officia asperiores. Qui laborum quidem et assumenda.', 'eos', 393237784, NULL, '2009-01-23 00:12:12', '2013-05-06 06:49:45');
INSERT INTO `media` (`id`, `media_type_id`, `user_id`, `body`, `filename`, `size`, `metadata`, `created_at`, `updated_at`) VALUES ('82', '2', '161', 'Facere et nisi nulla quia. Sunt atque est maxime voluptatibus voluptatibus eos voluptates. Dolorum necessitatibus dolor libero commodi corporis soluta. Corrupti animi optio ipsa omnis nam.', 'ut', 79, NULL, '1976-08-02 16:27:40', '1973-11-07 09:56:30');
INSERT INTO `media` (`id`, `media_type_id`, `user_id`, `body`, `filename`, `size`, `metadata`, `created_at`, `updated_at`) VALUES ('83', '3', '164', 'Maiores illo sequi aut sed eligendi est. Accusantium sed ea blanditiis id voluptas et. Quasi est excepturi est porro facere expedita eum.', 'doloremque', 2, NULL, '1988-08-17 00:38:12', '2007-07-31 18:33:14');
INSERT INTO `media` (`id`, `media_type_id`, `user_id`, `body`, `filename`, `size`, `metadata`, `created_at`, `updated_at`) VALUES ('84', '4', '166', 'Consectetur et minima non repellat. Et natus dolorem sit. Eveniet consequatur quod temporibus aut. Sapiente quasi eius neque saepe omnis doloremque aut eveniet. Voluptas est aliquam maxime sit et aut.', 'dolores', 76785225, NULL, '1972-03-11 00:49:16', '2018-08-22 22:06:16');
INSERT INTO `media` (`id`, `media_type_id`, `user_id`, `body`, `filename`, `size`, `metadata`, `created_at`, `updated_at`) VALUES ('85', '5', '168', 'Sed recusandae veniam officia sit nobis quis aliquam. Quod quas dolores totam tempore et incidunt quia. Aperiam eos ullam omnis voluptate.', 'illum', 74273, NULL, '2013-12-09 10:47:24', '2008-08-29 23:27:17');
INSERT INTO `media` (`id`, `media_type_id`, `user_id`, `body`, `filename`, `size`, `metadata`, `created_at`, `updated_at`) VALUES ('86', '1', '169', 'In et eos est rerum sint. Nulla voluptatem commodi laborum. Libero est qui adipisci ipsam et omnis. Consequatur quia eos eos ab iste cumque est.', 'unde', 60478, NULL, '1987-12-01 12:34:48', '2016-12-25 08:54:07');
INSERT INTO `media` (`id`, `media_type_id`, `user_id`, `body`, `filename`, `size`, `metadata`, `created_at`, `updated_at`) VALUES ('87', '2', '174', 'Rerum aut laboriosam rem. Omnis ad officiis enim. Provident voluptatem cumque voluptates eos necessitatibus libero laudantium. Perspiciatis nostrum doloribus modi eaque molestiae.', 'perferendis', 6383184, NULL, '2009-07-02 00:27:17', '1997-09-06 03:37:43');
INSERT INTO `media` (`id`, `media_type_id`, `user_id`, `body`, `filename`, `size`, `metadata`, `created_at`, `updated_at`) VALUES ('88', '3', '176', 'Voluptatem quo harum et necessitatibus. Voluptate magnam in ut sunt excepturi sunt. Atque animi architecto eos qui aut et recusandae.', 'culpa', 454, NULL, '1981-04-05 00:35:02', '1978-05-18 13:41:17');
INSERT INTO `media` (`id`, `media_type_id`, `user_id`, `body`, `filename`, `size`, `metadata`, `created_at`, `updated_at`) VALUES ('89', '4', '177', 'Voluptatibus aspernatur dolor repudiandae mollitia et porro eius. Ex veritatis velit eaque officiis reprehenderit ullam. Eum fuga amet non optio porro. Rem sint numquam dolore porro et omnis voluptatem.', 'laborum', 710, NULL, '2019-10-27 04:49:28', '2020-09-03 04:49:13');
INSERT INTO `media` (`id`, `media_type_id`, `user_id`, `body`, `filename`, `size`, `metadata`, `created_at`, `updated_at`) VALUES ('90', '5', '180', 'Eum non maxime quasi quisquam eum velit magnam. Sapiente est modi vel minus placeat animi. Fugit similique dolorem ducimus exercitationem. Repudiandae ut rerum voluptate totam et et omnis qui. Quia est voluptatum et dolores molestias dicta officia sit.', 'dolorum', 983, NULL, '1974-08-08 21:44:42', '2000-03-07 17:12:17');
INSERT INTO `media` (`id`, `media_type_id`, `user_id`, `body`, `filename`, `size`, `metadata`, `created_at`, `updated_at`) VALUES ('91', '1', '185', 'Error blanditiis veritatis qui omnis ratione. Voluptatem omnis eveniet odit. Possimus delectus velit illo iusto rem numquam minus dolores.', 'dolores', 7474195, NULL, '2014-05-01 21:54:58', '1978-01-05 06:44:09');
INSERT INTO `media` (`id`, `media_type_id`, `user_id`, `body`, `filename`, `size`, `metadata`, `created_at`, `updated_at`) VALUES ('92', '2', '188', 'Dolorem earum qui aliquam ut voluptatibus dolorum sequi. Consectetur doloremque vel aliquam accusantium. Sint quibusdam corporis aperiam ut. Vitae eum dolorem omnis maiores voluptatem.', 'eaque', 29379646, NULL, '1979-05-31 07:52:12', '1985-07-19 20:01:55');
INSERT INTO `media` (`id`, `media_type_id`, `user_id`, `body`, `filename`, `size`, `metadata`, `created_at`, `updated_at`) VALUES ('93', '3', '190', 'Est necessitatibus molestias voluptatibus et cum est ut laborum. Ut dolor tempore labore culpa animi laudantium iste quae. Quam sit qui et perspiciatis et voluptatem est et. Quis ut ullam provident error consequatur atque numquam. Qui tempore qui aut sed quia expedita omnis consequatur.', 'maxime', 1229, NULL, '2021-04-21 23:31:12', '1975-10-29 09:21:10');
INSERT INTO `media` (`id`, `media_type_id`, `user_id`, `body`, `filename`, `size`, `metadata`, `created_at`, `updated_at`) VALUES ('94', '4', '191', 'Qui laboriosam maxime reiciendis blanditiis itaque sed. Possimus ad perferendis sit perspiciatis quod molestiae. Est voluptatem nisi nostrum non.', 'ut', 9, NULL, '2004-02-12 07:13:27', '2009-12-29 18:53:03');
INSERT INTO `media` (`id`, `media_type_id`, `user_id`, `body`, `filename`, `size`, `metadata`, `created_at`, `updated_at`) VALUES ('95', '5', '193', 'Quia iure consequatur necessitatibus quo. Optio esse assumenda ex atque impedit eum accusantium. Omnis numquam ipsa sunt id non dolorum eveniet.', 'accusamus', 32703696, NULL, '2017-12-10 23:32:41', '2021-02-10 23:09:44');
INSERT INTO `media` (`id`, `media_type_id`, `user_id`, `body`, `filename`, `size`, `metadata`, `created_at`, `updated_at`) VALUES ('96', '1', '195', 'Quam dicta ea qui nihil et. Animi praesentium sint nulla est tenetur repellat quae. Accusantium corporis sit itaque totam. Corporis et autem neque quo qui eligendi.', 'eos', 7035, NULL, '1974-04-07 19:32:34', '1987-01-25 12:00:03');
INSERT INTO `media` (`id`, `media_type_id`, `user_id`, `body`, `filename`, `size`, `metadata`, `created_at`, `updated_at`) VALUES ('97', '2', '196', 'Earum fugit mollitia architecto harum sapiente. Ipsa hic voluptas qui commodi ullam autem. Consequatur mollitia qui rem ipsam est et assumenda.', 'et', 65740, NULL, '1977-07-28 07:21:47', '2005-10-15 15:36:25');
INSERT INTO `media` (`id`, `media_type_id`, `user_id`, `body`, `filename`, `size`, `metadata`, `created_at`, `updated_at`) VALUES ('98', '3', '197', 'Neque et delectus et velit ut expedita laborum. Ipsa molestiae dolorem in accusamus architecto molestiae.', 'aliquid', 66, NULL, '1970-08-26 21:05:05', '1979-04-24 23:51:23');
INSERT INTO `media` (`id`, `media_type_id`, `user_id`, `body`, `filename`, `size`, `metadata`, `created_at`, `updated_at`) VALUES ('99', '4', '101', 'Nam voluptatem deleniti nisi hic quibusdam. Accusantium quibusdam officia autem ratione. Autem et assumenda dignissimos deleniti facilis consequatur. Officiis optio et ratione.', 'tenetur', 2827369, NULL, '1972-10-07 14:33:25', '2014-02-03 06:21:43');
INSERT INTO `media` (`id`, `media_type_id`, `user_id`, `body`, `filename`, `size`, `metadata`, `created_at`, `updated_at`) VALUES ('100', '5', '102', 'Corrupti voluptates perspiciatis velit tempore omnis nihil at. Est dolor et enim vel aut ut voluptatibus et. Voluptate non facilis vel non.', 'qui', 9470161, NULL, '2001-11-03 22:38:01', '1995-02-20 05:42:54');

INSERT INTO `media_types` (`id`, `name`, `created_at`, `updated_at`) VALUES ('1', 'consectetur', '1990-06-06 19:11:14', '1993-01-24 16:02:42');
INSERT INTO `media_types` (`id`, `name`, `created_at`, `updated_at`) VALUES ('2', 'amet', '1977-02-17 23:43:58', '2003-12-08 20:14:17');
INSERT INTO `media_types` (`id`, `name`, `created_at`, `updated_at`) VALUES ('3', 'saepe', '2014-04-05 08:52:12', '1986-08-31 09:30:24');
INSERT INTO `media_types` (`id`, `name`, `created_at`, `updated_at`) VALUES ('4', 'non', '1993-01-06 08:14:39', '2011-10-12 00:54:20');
INSERT INTO `media_types` (`id`, `name`, `created_at`, `updated_at`) VALUES ('5', 'quo', '2011-06-02 16:32:51', '1971-01-26 03:38:17');

INSERT INTO `messages` (`id`, `from_user_id`, `to_user_id`, `body`, `created_at`, `read_at`) VALUES ('1', '101', '101', 'Sit soluta sunt magni ducimus aspernatur. Eius cumque deleniti earum quas sed fugiat nihil vel. Odit perferendis est consectetur voluptatem praesentium vel.', '2002-03-29 17:35:15', '1979-02-26 23:39:19');
INSERT INTO `messages` (`id`, `from_user_id`, `to_user_id`, `body`, `created_at`, `read_at`) VALUES ('2', '102', '102', 'Suscipit doloremque voluptas nemo officiis consequatur quia. Sint harum quis dolor ad voluptas nihil. Dolores placeat tempora vel eaque aut. Corrupti adipisci libero maiores et.', '1977-09-09 19:58:04', '1997-03-20 03:03:54');
INSERT INTO `messages` (`id`, `from_user_id`, `to_user_id`, `body`, `created_at`, `read_at`) VALUES ('3', '103', '103', 'Mollitia veritatis id eos sit cupiditate ratione. Debitis explicabo necessitatibus ipsum fugiat quos hic. Vel totam nesciunt suscipit. Sed quod unde explicabo at voluptatem possimus quisquam dolor.', '1985-03-31 14:53:55', '1972-07-24 06:44:25');
INSERT INTO `messages` (`id`, `from_user_id`, `to_user_id`, `body`, `created_at`, `read_at`) VALUES ('4', '104', '104', 'Omnis suscipit ad corporis sit praesentium. Sunt voluptas est omnis id. Harum aut et eos sunt nulla. Molestiae voluptatum nulla eos aut eum.', '2004-04-02 12:58:53', '2021-08-10 11:39:07');
INSERT INTO `messages` (`id`, `from_user_id`, `to_user_id`, `body`, `created_at`, `read_at`) VALUES ('5', '105', '105', 'Quo et consectetur neque quia cumque accusamus perspiciatis. Sunt quis vero perspiciatis officia doloribus reprehenderit. Expedita recusandae quibusdam fugiat repellendus et nam ad inventore.', '1984-02-10 20:14:14', '2011-09-24 09:32:03');
INSERT INTO `messages` (`id`, `from_user_id`, `to_user_id`, `body`, `created_at`, `read_at`) VALUES ('6', '106', '106', 'Magnam dolores fugiat eum omnis dicta non commodi voluptas. Vel debitis nulla cupiditate consequuntur et. Velit delectus praesentium consequuntur veniam vitae. Quam non accusamus est necessitatibus adipisci aut ea.', '1983-01-29 04:11:08', '2007-03-12 10:08:02');
INSERT INTO `messages` (`id`, `from_user_id`, `to_user_id`, `body`, `created_at`, `read_at`) VALUES ('7', '107', '107', 'Distinctio quasi quo magnam. Quasi vel autem consequatur sint impedit enim. Voluptas placeat est voluptatem alias pariatur.', '2006-08-03 02:30:48', '2010-08-20 01:26:11');
INSERT INTO `messages` (`id`, `from_user_id`, `to_user_id`, `body`, `created_at`, `read_at`) VALUES ('8', '108', '108', 'Error aliquam possimus voluptatem. Est autem tenetur ut qui deserunt ut. Omnis cumque in nihil eos cupiditate hic. Nihil nihil esse ad nesciunt exercitationem aliquid inventore.', '1978-06-07 08:40:44', '2016-10-20 07:03:54');
INSERT INTO `messages` (`id`, `from_user_id`, `to_user_id`, `body`, `created_at`, `read_at`) VALUES ('9', '109', '109', 'Natus natus nihil consequatur architecto molestiae repellat iure. Hic placeat id assumenda sed velit ut et eos. Aut ex non ut optio modi. Sapiente accusantium labore sit.', '1989-03-27 08:26:03', '2018-05-06 13:16:40');
INSERT INTO `messages` (`id`, `from_user_id`, `to_user_id`, `body`, `created_at`, `read_at`) VALUES ('10', '110', '110', 'Totam aliquid ullam et autem. Est facilis placeat iure enim nobis est soluta. Nihil sint consequatur nihil voluptate libero alias. Perspiciatis deleniti molestiae ipsam velit minus omnis maxime.', '1976-03-30 16:26:22', '2007-06-12 01:11:39');
INSERT INTO `messages` (`id`, `from_user_id`, `to_user_id`, `body`, `created_at`, `read_at`) VALUES ('11', '115', '115', 'Corrupti et dolores quasi illo. Sed ad nostrum esse vero cupiditate et. Reprehenderit iusto modi error non ab. Consequatur corrupti fugiat qui ipsum earum perferendis.', '1979-04-26 20:05:52', '2008-08-08 04:23:47');
INSERT INTO `messages` (`id`, `from_user_id`, `to_user_id`, `body`, `created_at`, `read_at`) VALUES ('12', '117', '117', 'Et ipsa sed ex enim ipsam. Deserunt a ipsum unde quia officiis qui. Atque voluptas officia sit. Hic nisi adipisci quia accusantium sit consequuntur exercitationem. Ratione omnis consequuntur et et voluptas vel quod id.', '2001-10-28 09:49:55', '1990-06-26 04:17:39');
INSERT INTO `messages` (`id`, `from_user_id`, `to_user_id`, `body`, `created_at`, `read_at`) VALUES ('13', '119', '119', 'Placeat rerum maxime quam ipsam voluptatem voluptatem. Sequi omnis quod explicabo voluptas dolores inventore. Et beatae recusandae ut architecto iusto sint. Et sed in voluptas ut rem.', '2013-04-12 02:42:37', '1990-08-20 12:45:54');
INSERT INTO `messages` (`id`, `from_user_id`, `to_user_id`, `body`, `created_at`, `read_at`) VALUES ('14', '121', '121', 'Eum accusamus similique beatae maxime qui optio minima similique. Dolor voluptatem temporibus ducimus dolores ut rem. Eos nostrum est consequuntur occaecati eveniet libero nisi autem. Amet illum et rerum sed laborum repellat tenetur.', '2004-07-31 21:41:55', '1971-05-10 12:49:19');
INSERT INTO `messages` (`id`, `from_user_id`, `to_user_id`, `body`, `created_at`, `read_at`) VALUES ('15', '122', '122', 'Impedit ad totam adipisci voluptatibus sunt sequi occaecati. Sunt voluptas blanditiis et nesciunt aut.', '1971-04-26 04:07:02', '2021-09-12 23:40:05');
INSERT INTO `messages` (`id`, `from_user_id`, `to_user_id`, `body`, `created_at`, `read_at`) VALUES ('16', '124', '124', 'Ratione ducimus laboriosam modi illo. Soluta ut maxime veritatis eius. Natus aliquam adipisci maxime assumenda inventore impedit. Delectus atque voluptatum ea labore qui autem in ducimus.', '2010-09-13 05:02:28', '2012-06-14 00:13:22');
INSERT INTO `messages` (`id`, `from_user_id`, `to_user_id`, `body`, `created_at`, `read_at`) VALUES ('17', '127', '127', 'Sunt mollitia eos enim quia adipisci cum facilis. Sed accusamus nam enim minus sunt officiis. Molestias voluptate ducimus expedita recusandae. Explicabo sunt dolores enim exercitationem.', '2006-06-12 08:26:32', '2017-09-03 08:19:47');
INSERT INTO `messages` (`id`, `from_user_id`, `to_user_id`, `body`, `created_at`, `read_at`) VALUES ('18', '130', '130', 'Aliquam dignissimos ipsa sint molestiae incidunt totam omnis. Labore quibusdam molestiae fugiat quasi et. Veniam et iste quia dolore facere dignissimos aut. Voluptas et aliquam praesentium.', '1970-04-24 06:05:50', '1972-08-25 06:04:57');
INSERT INTO `messages` (`id`, `from_user_id`, `to_user_id`, `body`, `created_at`, `read_at`) VALUES ('19', '135', '135', 'Tempore quaerat mollitia dicta blanditiis sed recusandae corrupti. Sit sit incidunt nostrum. Voluptates voluptatem sint culpa animi. Voluptatem voluptatem et distinctio.', '2018-10-09 15:28:18', '1980-05-11 09:09:08');
INSERT INTO `messages` (`id`, `from_user_id`, `to_user_id`, `body`, `created_at`, `read_at`) VALUES ('20', '138', '138', 'Omnis ipsa laboriosam dolorem ipsum minus rerum porro. Rem sequi qui repudiandae vel nemo. Quos quibusdam veritatis id quisquam omnis iusto voluptas. Qui error nobis quidem. Aspernatur sunt rerum nemo nihil rem voluptatem repellat.', '1982-10-24 14:53:09', '1989-04-10 20:42:14');
INSERT INTO `messages` (`id`, `from_user_id`, `to_user_id`, `body`, `created_at`, `read_at`) VALUES ('21', '139', '139', 'Vitae sit dolorem non amet ut. Repudiandae accusantium voluptatem molestiae et deleniti officiis. Qui nihil nisi qui quaerat dolorum debitis neque. Non ut ullam aut distinctio vel harum voluptatem.', '1997-12-02 20:11:26', '1977-09-20 19:30:44');
INSERT INTO `messages` (`id`, `from_user_id`, `to_user_id`, `body`, `created_at`, `read_at`) VALUES ('22', '140', '140', 'Tenetur quod exercitationem dolorem non occaecati. Et et aut tenetur dolore. Non placeat veritatis sint totam a rerum quam voluptatem.', '1975-07-08 16:17:27', '2012-10-31 14:22:41');
INSERT INTO `messages` (`id`, `from_user_id`, `to_user_id`, `body`, `created_at`, `read_at`) VALUES ('23', '142', '142', 'Est voluptatibus quia perspiciatis beatae ullam necessitatibus. Aut a deserunt id. In porro tenetur aliquid repellat id facilis.', '2001-05-17 17:38:42', '1985-06-15 00:04:51');
INSERT INTO `messages` (`id`, `from_user_id`, `to_user_id`, `body`, `created_at`, `read_at`) VALUES ('24', '143', '143', 'Sed corrupti id officiis ipsa necessitatibus vitae. Fugiat alias perferendis id autem. Porro aut vel ut ut. Quis et deleniti magnam. Ut veniam illo perferendis provident.', '2021-01-11 01:09:44', '2011-04-13 01:09:07');
INSERT INTO `messages` (`id`, `from_user_id`, `to_user_id`, `body`, `created_at`, `read_at`) VALUES ('25', '145', '145', 'Natus explicabo necessitatibus aut laboriosam odio omnis optio. Incidunt natus dolore autem voluptas nemo saepe. Aut qui id eveniet officia ex eligendi facilis illum. Unde accusamus voluptas repudiandae eius consequatur. Asperiores soluta laboriosam officiis dolor repellendus aut quia.', '1998-12-07 14:01:38', '1976-02-09 09:03:25');
INSERT INTO `messages` (`id`, `from_user_id`, `to_user_id`, `body`, `created_at`, `read_at`) VALUES ('26', '149', '149', 'Voluptatem et doloremque pariatur minima numquam. At tempora dolores consequatur doloremque. Ea esse cum omnis dignissimos.', '2014-03-17 00:20:35', '2009-09-17 20:39:03');
INSERT INTO `messages` (`id`, `from_user_id`, `to_user_id`, `body`, `created_at`, `read_at`) VALUES ('27', '150', '150', 'Placeat earum perferendis consectetur unde nihil. Nisi occaecati eos explicabo est facere. Est et at nihil ea cupiditate voluptas aut qui. Error at labore dolores.', '1998-12-14 13:20:19', '2003-06-15 20:51:38');
INSERT INTO `messages` (`id`, `from_user_id`, `to_user_id`, `body`, `created_at`, `read_at`) VALUES ('28', '151', '151', 'Voluptatem perferendis tempora corrupti quia et hic. Accusamus ut illo voluptatibus voluptas soluta perferendis non. Accusantium et totam at consequatur. Minima voluptatum eius consequatur facere soluta ut.', '1995-05-22 19:30:32', '1979-10-30 22:29:02');
INSERT INTO `messages` (`id`, `from_user_id`, `to_user_id`, `body`, `created_at`, `read_at`) VALUES ('29', '152', '152', 'Nam nesciunt autem quia est cum. Sed magni aliquid sed. Sed aut rerum numquam ut in.', '1972-05-13 16:21:47', '1970-02-02 04:52:06');
INSERT INTO `messages` (`id`, `from_user_id`, `to_user_id`, `body`, `created_at`, `read_at`) VALUES ('30', '154', '154', 'Quod commodi sed deleniti ut qui. Eum rerum molestiae cum voluptatem earum impedit officiis. Itaque dolore unde molestiae illum illum odio animi provident. Praesentium ducimus distinctio hic nam ut repellat iure. Aliquam veritatis animi quia aperiam sapiente quia.', '1981-12-25 09:32:32', '2011-04-10 01:29:10');
INSERT INTO `messages` (`id`, `from_user_id`, `to_user_id`, `body`, `created_at`, `read_at`) VALUES ('31', '155', '155', 'Enim reprehenderit unde vero atque autem. Deleniti natus eum voluptates animi dolores. Mollitia necessitatibus voluptas officiis pariatur aliquid.', '1998-10-08 07:17:37', '1995-04-11 01:55:14');
INSERT INTO `messages` (`id`, `from_user_id`, `to_user_id`, `body`, `created_at`, `read_at`) VALUES ('32', '157', '157', 'Temporibus consequatur rerum aliquam at. Sequi debitis ipsum repudiandae assumenda. Eos animi voluptatem maiores eos fugit sint similique.', '1984-12-12 08:47:14', '1993-11-06 00:20:13');
INSERT INTO `messages` (`id`, `from_user_id`, `to_user_id`, `body`, `created_at`, `read_at`) VALUES ('33', '161', '161', 'In sit qui laudantium quas odio non. Excepturi velit iste est fuga quia qui. Facilis animi voluptatem voluptatum ea sapiente aut perferendis vel.', '1970-04-21 13:12:03', '2015-10-14 23:07:21');
INSERT INTO `messages` (`id`, `from_user_id`, `to_user_id`, `body`, `created_at`, `read_at`) VALUES ('34', '164', '164', 'Quaerat qui distinctio quibusdam sint ut magnam. Sit dolorem fugiat unde quaerat soluta et quae. Quo impedit earum consequatur quis. Quas in quia est quis nesciunt est.', '1983-08-30 21:24:26', '2002-02-18 19:57:54');
INSERT INTO `messages` (`id`, `from_user_id`, `to_user_id`, `body`, `created_at`, `read_at`) VALUES ('35', '166', '166', 'Nulla ut ipsum temporibus. Voluptatum non excepturi nostrum repellendus eveniet tempore sed. Et debitis quis iste laudantium et libero. Enim ipsam praesentium tenetur praesentium.', '2008-10-28 11:28:00', '2011-06-24 11:00:51');
INSERT INTO `messages` (`id`, `from_user_id`, `to_user_id`, `body`, `created_at`, `read_at`) VALUES ('36', '168', '168', 'Consequatur amet aut illo molestiae et est totam. A atque tempora voluptas sunt. Enim ut quis accusantium.', '1985-09-28 09:39:08', '2006-12-25 11:54:35');
INSERT INTO `messages` (`id`, `from_user_id`, `to_user_id`, `body`, `created_at`, `read_at`) VALUES ('37', '169', '169', 'Et quia molestias totam nostrum similique possimus. Numquam provident aut cum possimus. Autem deleniti sit sunt.', '2009-06-03 11:57:59', '2001-10-11 06:25:29');
INSERT INTO `messages` (`id`, `from_user_id`, `to_user_id`, `body`, `created_at`, `read_at`) VALUES ('38', '174', '174', 'Asperiores labore voluptate quas quia reiciendis a. Omnis sed qui aut hic eveniet aut.', '2004-05-07 01:16:44', '2016-04-13 01:51:03');
INSERT INTO `messages` (`id`, `from_user_id`, `to_user_id`, `body`, `created_at`, `read_at`) VALUES ('39', '176', '176', 'Aliquam ex minus mollitia impedit non ipsum. Sit nemo in ut repudiandae et. Laborum voluptatem hic debitis aut architecto suscipit.', '1988-10-24 22:37:07', '2019-06-11 18:09:42');
INSERT INTO `messages` (`id`, `from_user_id`, `to_user_id`, `body`, `created_at`, `read_at`) VALUES ('40', '177', '177', 'Quis debitis consequatur recusandae sed a odit. Soluta architecto consequuntur rem voluptatem est minima. Nesciunt magnam fugiat aut sit rem officiis. Expedita voluptas eos ut quas quod atque.', '1973-01-18 18:32:24', '2015-08-11 10:48:17');
INSERT INTO `messages` (`id`, `from_user_id`, `to_user_id`, `body`, `created_at`, `read_at`) VALUES ('41', '180', '180', 'Aliquam ea sapiente tenetur id tempore. Laborum ea hic eius ut suscipit et. Et corrupti totam consequatur sint delectus rerum consectetur.', '1996-09-24 05:06:12', '2002-09-08 12:57:44');
INSERT INTO `messages` (`id`, `from_user_id`, `to_user_id`, `body`, `created_at`, `read_at`) VALUES ('42', '185', '185', 'Adipisci suscipit recusandae nobis vitae odit. Laboriosam expedita et non veniam rerum est ipsa. Voluptas tempore repellat qui voluptate eius in. Optio dolores repellendus hic quo.', '2004-05-12 04:27:14', '1983-08-21 16:41:30');
INSERT INTO `messages` (`id`, `from_user_id`, `to_user_id`, `body`, `created_at`, `read_at`) VALUES ('43', '188', '188', 'Ducimus odio repudiandae voluptas eos. Magni blanditiis vero dolore aut id voluptates. Quia aperiam corrupti velit suscipit in dolor ratione.', '1982-05-28 22:17:01', '1987-07-16 00:06:26');
INSERT INTO `messages` (`id`, `from_user_id`, `to_user_id`, `body`, `created_at`, `read_at`) VALUES ('44', '190', '190', 'Architecto enim saepe voluptas consequuntur quos in. Laborum impedit omnis dolorum asperiores laboriosam qui ab. Reiciendis vero cum accusamus quam atque maiores consequatur dicta.', '2020-10-03 08:46:18', '2013-07-06 07:26:50');
INSERT INTO `messages` (`id`, `from_user_id`, `to_user_id`, `body`, `created_at`, `read_at`) VALUES ('45', '191', '191', 'Nam ullam magnam aperiam. Praesentium ab in quidem aut vel molestias exercitationem. A error blanditiis voluptatum neque aut a. Minima cum autem similique voluptatem dolor quis sed provident. Itaque et autem velit placeat aut praesentium architecto.', '2001-04-26 07:04:04', '2005-04-20 14:56:26');
INSERT INTO `messages` (`id`, `from_user_id`, `to_user_id`, `body`, `created_at`, `read_at`) VALUES ('46', '193', '193', 'Consequatur minima ea ullam quia. Veritatis esse molestiae dolores laudantium voluptates. Facere excepturi sapiente eaque saepe. Debitis asperiores maxime eos iure sed ipsa ipsa.', '2001-04-13 11:55:44', '2020-09-22 00:56:41');
INSERT INTO `messages` (`id`, `from_user_id`, `to_user_id`, `body`, `created_at`, `read_at`) VALUES ('47', '195', '195', 'Atque iure veniam fugiat incidunt sit tempora et perferendis. Ut praesentium in fugit saepe voluptas. Sint voluptatum natus tenetur quidem suscipit in alias sint. Omnis nisi voluptatem velit et.', '1988-09-07 08:16:11', '2009-02-20 13:54:28');
INSERT INTO `messages` (`id`, `from_user_id`, `to_user_id`, `body`, `created_at`, `read_at`) VALUES ('48', '196', '196', 'Optio nihil ut occaecati et ut ipsum. Vitae et voluptates nobis eveniet et. Rem illo sed quae architecto consequatur sapiente.', '2007-06-30 20:45:41', '2002-06-15 01:11:25');
INSERT INTO `messages` (`id`, `from_user_id`, `to_user_id`, `body`, `created_at`, `read_at`) VALUES ('49', '197', '197', 'Sint excepturi impedit nostrum quis quisquam. Unde nemo nesciunt dolore labore vel.', '1989-07-26 12:09:18', '1988-02-19 17:14:55');
INSERT INTO `messages` (`id`, `from_user_id`, `to_user_id`, `body`, `created_at`, `read_at`) VALUES ('50', '101', '101', 'Consequatur animi officiis quae voluptatem. Aperiam voluptates maiores est. Veniam eum aspernatur doloribus recusandae velit.', '2014-10-05 09:16:44', '1973-09-20 05:08:28');
INSERT INTO `messages` (`id`, `from_user_id`, `to_user_id`, `body`, `created_at`, `read_at`) VALUES ('51', '102', '102', 'Dolor consequatur qui ea velit quia impedit eligendi. Et asperiores perferendis voluptatem inventore id nesciunt. Enim quas sit enim non.', '2013-12-19 09:47:40', '1994-04-14 08:43:20');
INSERT INTO `messages` (`id`, `from_user_id`, `to_user_id`, `body`, `created_at`, `read_at`) VALUES ('52', '103', '103', 'Repellendus dolorem blanditiis excepturi tenetur delectus natus. Fugit ut veritatis ut laudantium laborum id. Inventore neque aspernatur quibusdam rerum consequatur incidunt.', '1984-11-22 09:52:36', '1985-05-02 11:24:30');
INSERT INTO `messages` (`id`, `from_user_id`, `to_user_id`, `body`, `created_at`, `read_at`) VALUES ('53', '104', '104', 'Quia sapiente quis et praesentium aut sit. Dolorem quibusdam saepe aspernatur odio. Est voluptatem vel ullam quae possimus et.', '1981-05-03 18:53:26', '2020-07-24 08:38:43');
INSERT INTO `messages` (`id`, `from_user_id`, `to_user_id`, `body`, `created_at`, `read_at`) VALUES ('54', '105', '105', 'Aut et quia rerum quae in fugiat rerum. Nesciunt reprehenderit eum officia aut sed.', '1987-05-30 15:47:43', '1975-07-10 13:18:20');
INSERT INTO `messages` (`id`, `from_user_id`, `to_user_id`, `body`, `created_at`, `read_at`) VALUES ('55', '106', '106', 'Odit repudiandae velit debitis aut hic. Est temporibus inventore ut eum. Vel reprehenderit deserunt voluptas tempore nulla voluptates. Eos nisi beatae at iure consectetur voluptas.', '1985-10-01 04:49:27', '2007-01-08 15:50:53');
INSERT INTO `messages` (`id`, `from_user_id`, `to_user_id`, `body`, `created_at`, `read_at`) VALUES ('56', '107', '107', 'Beatae delectus quis qui dicta modi. Culpa occaecati quo recusandae architecto aliquid doloremque. Eum quis debitis doloribus impedit rem accusantium et voluptatibus. Eum dicta est et nihil ipsam nobis.', '1989-04-22 17:29:30', '1978-02-20 02:54:45');
INSERT INTO `messages` (`id`, `from_user_id`, `to_user_id`, `body`, `created_at`, `read_at`) VALUES ('57', '108', '108', 'Tenetur voluptas quo consequatur consectetur pariatur. Animi enim nam dolorem impedit natus et assumenda sint.', '1981-04-19 08:58:42', '1984-06-03 09:52:10');
INSERT INTO `messages` (`id`, `from_user_id`, `to_user_id`, `body`, `created_at`, `read_at`) VALUES ('58', '109', '109', 'Dolores beatae sint voluptas ad itaque quia quasi. Necessitatibus aut et corrupti et eveniet odio natus soluta. Numquam quas voluptatibus sit quia fugiat omnis.', '2014-11-28 01:45:16', '1993-12-03 22:59:54');
INSERT INTO `messages` (`id`, `from_user_id`, `to_user_id`, `body`, `created_at`, `read_at`) VALUES ('59', '110', '110', 'Ea et culpa inventore. Autem ut quis aut voluptatem ipsam. Perferendis deleniti sapiente deleniti illum. Facere sit debitis dolorum delectus aliquid nobis.', '1973-05-09 18:56:26', '1974-11-20 01:51:17');
INSERT INTO `messages` (`id`, `from_user_id`, `to_user_id`, `body`, `created_at`, `read_at`) VALUES ('60', '115', '115', 'Temporibus minus neque numquam aut qui adipisci qui. Labore facere et ut corrupti velit et quo. Molestiae ipsum esse numquam laudantium est id maxime.', '2018-02-08 11:00:13', '2010-06-28 22:48:19');
INSERT INTO `messages` (`id`, `from_user_id`, `to_user_id`, `body`, `created_at`, `read_at`) VALUES ('61', '117', '117', 'Rerum exercitationem sit praesentium et iusto itaque. Qui distinctio accusamus atque veniam alias explicabo voluptatem nostrum. Magnam aut sed inventore rerum molestiae velit sit. Soluta sed laudantium aperiam corporis doloremque. Vitae dicta dicta ea ducimus esse minus dolore.', '1979-01-15 04:38:57', '2010-12-14 00:34:54');
INSERT INTO `messages` (`id`, `from_user_id`, `to_user_id`, `body`, `created_at`, `read_at`) VALUES ('62', '119', '119', 'Velit ipsam ab voluptate. Saepe quaerat et vel aliquid quis non minima. Consectetur ut voluptatem eum et dolor.', '1994-02-15 16:27:08', '2012-03-14 13:29:03');
INSERT INTO `messages` (`id`, `from_user_id`, `to_user_id`, `body`, `created_at`, `read_at`) VALUES ('63', '121', '121', 'Adipisci id et neque recusandae voluptas assumenda. Quasi ducimus cum impedit aliquam facere porro. Ut laborum recusandae voluptatem consequatur nobis dolorem. Voluptatem rem ratione modi vero officiis.', '2002-07-14 23:25:18', '1982-12-06 13:40:55');
INSERT INTO `messages` (`id`, `from_user_id`, `to_user_id`, `body`, `created_at`, `read_at`) VALUES ('64', '122', '122', 'Tempora voluptas explicabo quae voluptatem quibusdam maxime perferendis. Suscipit molestias fugit neque fuga soluta in libero. Ratione officia veritatis voluptates et. Iure rerum non et.', '2011-04-08 22:14:30', '2009-03-02 00:07:29');
INSERT INTO `messages` (`id`, `from_user_id`, `to_user_id`, `body`, `created_at`, `read_at`) VALUES ('65', '124', '124', 'Tempora aperiam quia maiores quis. Et voluptates molestiae eos aut quo.', '1978-08-14 07:14:47', '1982-04-12 09:26:28');
INSERT INTO `messages` (`id`, `from_user_id`, `to_user_id`, `body`, `created_at`, `read_at`) VALUES ('66', '127', '127', 'Qui nesciunt veniam molestiae. Est in omnis sapiente. Quia molestiae repellendus praesentium enim omnis mollitia ut ab. Qui ad illo et sequi qui.', '1998-12-03 05:27:41', '2019-02-22 03:32:17');
INSERT INTO `messages` (`id`, `from_user_id`, `to_user_id`, `body`, `created_at`, `read_at`) VALUES ('67', '130', '130', 'Temporibus labore ex et et. Libero placeat et cum. Non id dolores minima commodi velit et omnis. Consequatur sint et illum dolorem debitis repudiandae.', '1995-05-15 22:08:12', '2010-11-06 16:19:55');
INSERT INTO `messages` (`id`, `from_user_id`, `to_user_id`, `body`, `created_at`, `read_at`) VALUES ('68', '135', '135', 'In eos aut consequatur mollitia quo et aut. Voluptatibus non sequi a dolores modi. Velit tempore eum assumenda dolore excepturi perspiciatis est qui.', '2011-03-28 17:08:20', '1978-07-12 16:03:23');
INSERT INTO `messages` (`id`, `from_user_id`, `to_user_id`, `body`, `created_at`, `read_at`) VALUES ('69', '138', '138', 'Ipsam atque sed aut rerum. Quia id itaque reprehenderit voluptatibus. Quo culpa enim rerum ea velit et distinctio. Deserunt dolore nostrum dicta est accusamus aperiam modi.', '2018-12-28 17:05:32', '2019-02-26 15:48:06');
INSERT INTO `messages` (`id`, `from_user_id`, `to_user_id`, `body`, `created_at`, `read_at`) VALUES ('70', '139', '139', 'Suscipit corporis dolore est at. Temporibus quia hic nam dignissimos suscipit. Asperiores enim sequi aut quas sint nam dolores qui.', '1976-01-06 13:00:51', '1974-01-11 05:24:42');
INSERT INTO `messages` (`id`, `from_user_id`, `to_user_id`, `body`, `created_at`, `read_at`) VALUES ('71', '140', '140', 'Id tenetur nihil ea numquam maiores hic voluptas. Rerum deserunt numquam et at similique dolorum consequatur velit. Quod veritatis qui rem quos. Atque voluptatum quia dolorum quo.', '2010-09-07 10:23:35', '1971-05-01 13:42:25');
INSERT INTO `messages` (`id`, `from_user_id`, `to_user_id`, `body`, `created_at`, `read_at`) VALUES ('72', '142', '142', 'Molestiae autem at omnis quam exercitationem magni. Minima mollitia sed eum et neque mollitia. Eaque beatae modi nostrum autem sint hic dolores. Inventore consequatur quis asperiores officiis impedit et velit.', '2012-09-30 18:52:12', '1984-02-28 18:55:52');
INSERT INTO `messages` (`id`, `from_user_id`, `to_user_id`, `body`, `created_at`, `read_at`) VALUES ('73', '143', '143', 'Rerum aut eaque velit quos. Modi eveniet ut sit sunt. Eveniet et enim optio ducimus. Optio inventore debitis ut et ad aliquam. Excepturi incidunt eveniet aut blanditiis quidem molestiae.', '1997-08-22 03:17:19', '2017-01-04 20:51:35');
INSERT INTO `messages` (`id`, `from_user_id`, `to_user_id`, `body`, `created_at`, `read_at`) VALUES ('74', '145', '145', 'Quisquam id unde ad praesentium dolores aut et pariatur. Omnis consequuntur eius quo minus aut. Modi dolore et voluptatum rerum et debitis. Possimus dolor adipisci necessitatibus repellat voluptas ipsum ab. Vero corporis dolores dicta.', '1981-04-23 23:33:18', '1990-02-11 16:31:58');
INSERT INTO `messages` (`id`, `from_user_id`, `to_user_id`, `body`, `created_at`, `read_at`) VALUES ('75', '149', '149', 'Quisquam laboriosam minus nostrum quia natus beatae asperiores. Dicta minus mollitia repellendus architecto ullam doloremque tempora qui. Qui architecto sit culpa nihil. Error mollitia enim et et quasi voluptatem porro.', '1978-01-07 03:08:20', '2010-10-06 14:11:14');
INSERT INTO `messages` (`id`, `from_user_id`, `to_user_id`, `body`, `created_at`, `read_at`) VALUES ('76', '150', '150', 'Non eum odio magnam. Non fuga aut delectus reiciendis.', '2000-11-03 07:07:11', '1998-03-21 17:21:55');
INSERT INTO `messages` (`id`, `from_user_id`, `to_user_id`, `body`, `created_at`, `read_at`) VALUES ('77', '151', '151', 'Non molestiae veniam fugit inventore vero numquam. Minus suscipit dolore voluptas voluptas et maxime. Itaque ut alias consequatur harum harum soluta. Hic nulla veniam laborum.', '1995-10-28 10:03:43', '2020-12-14 09:05:42');
INSERT INTO `messages` (`id`, `from_user_id`, `to_user_id`, `body`, `created_at`, `read_at`) VALUES ('78', '152', '152', 'Sit inventore accusamus dolorem. Mollitia itaque enim reprehenderit laboriosam qui explicabo. Architecto eius vitae magnam impedit et. Enim sed culpa libero voluptatum voluptate.', '2006-02-26 18:50:34', '2004-07-29 13:22:53');
INSERT INTO `messages` (`id`, `from_user_id`, `to_user_id`, `body`, `created_at`, `read_at`) VALUES ('79', '154', '154', 'Deleniti nobis et accusamus quod. In quo sed nulla cumque dolorum quo exercitationem neque. Voluptas quae tempora autem impedit.', '2000-06-07 11:39:45', '2001-01-08 21:15:03');
INSERT INTO `messages` (`id`, `from_user_id`, `to_user_id`, `body`, `created_at`, `read_at`) VALUES ('80', '155', '155', 'Quia est voluptatem et error ut eligendi. Velit quam saepe id eos consequatur earum. Explicabo temporibus facilis labore ea. Quo ipsam iure fuga blanditiis est est sint. Voluptate rerum dolorem ut quis.', '1998-08-15 05:16:32', '2009-04-11 10:16:25');
INSERT INTO `messages` (`id`, `from_user_id`, `to_user_id`, `body`, `created_at`, `read_at`) VALUES ('81', '157', '157', 'Corrupti voluptatum ipsum blanditiis tenetur non hic. Dolores placeat accusantium iure nisi veritatis molestiae. Omnis illo assumenda perferendis eum est ut id. Corporis sed quas temporibus est minus est.', '1990-09-03 06:39:17', '2009-03-01 05:41:13');
INSERT INTO `messages` (`id`, `from_user_id`, `to_user_id`, `body`, `created_at`, `read_at`) VALUES ('82', '161', '161', 'Officia est est qui mollitia amet nobis illo voluptate. Consectetur doloribus sit natus hic. Earum ex id magnam accusantium.', '2013-12-12 16:28:46', '1970-09-12 01:25:42');
INSERT INTO `messages` (`id`, `from_user_id`, `to_user_id`, `body`, `created_at`, `read_at`) VALUES ('83', '164', '164', 'Architecto eligendi et provident maxime odit officia est nihil. Mollitia enim alias corrupti non quis voluptatem cupiditate. Consequuntur iusto et quia earum. Autem quia temporibus labore debitis sit consectetur.', '1995-03-20 21:30:23', '1978-01-08 04:40:44');
INSERT INTO `messages` (`id`, `from_user_id`, `to_user_id`, `body`, `created_at`, `read_at`) VALUES ('84', '166', '166', 'Placeat reprehenderit earum reiciendis ipsa architecto est. Sunt est aliquid voluptates error consequatur enim. Nemo eum dicta reiciendis eum autem molestias voluptas. Eum ut qui voluptatibus officia at quia.', '2017-07-08 14:12:32', '2005-01-13 20:12:31');
INSERT INTO `messages` (`id`, `from_user_id`, `to_user_id`, `body`, `created_at`, `read_at`) VALUES ('85', '168', '168', 'Autem et et minus. Corporis et nam ratione et ea. Impedit tenetur deleniti quis sunt iste alias excepturi. Sit possimus natus fugiat voluptatibus est velit minus.', '2007-01-31 20:16:00', '2019-11-10 04:37:14');
INSERT INTO `messages` (`id`, `from_user_id`, `to_user_id`, `body`, `created_at`, `read_at`) VALUES ('86', '169', '169', 'Eos numquam pariatur qui. Est saepe voluptate voluptates autem aut maxime sed. Soluta debitis fuga nesciunt vel explicabo aperiam.', '1986-07-25 09:06:50', '2007-10-20 06:28:57');
INSERT INTO `messages` (`id`, `from_user_id`, `to_user_id`, `body`, `created_at`, `read_at`) VALUES ('87', '174', '174', 'Sed nisi perferendis vel aliquid aut eum explicabo et. Impedit molestiae molestiae delectus ipsam nostrum. Pariatur est debitis et accusamus delectus ut. Unde occaecati sunt velit fuga sit sapiente.', '1984-11-27 18:59:37', '1985-06-21 15:54:12');
INSERT INTO `messages` (`id`, `from_user_id`, `to_user_id`, `body`, `created_at`, `read_at`) VALUES ('88', '176', '176', 'Aspernatur quibusdam inventore dolores voluptas autem adipisci. Laudantium aut mollitia earum. Ut ex et ab deserunt autem.', '1986-01-08 07:15:01', '2018-01-26 11:24:06');
INSERT INTO `messages` (`id`, `from_user_id`, `to_user_id`, `body`, `created_at`, `read_at`) VALUES ('89', '177', '177', 'Itaque maxime eos est assumenda. Nihil laudantium quia qui sit mollitia. Eius quam ut consequatur velit reiciendis.', '2010-07-15 12:20:59', '2010-02-08 19:47:35');
INSERT INTO `messages` (`id`, `from_user_id`, `to_user_id`, `body`, `created_at`, `read_at`) VALUES ('90', '180', '180', 'Consequatur maxime dolorum quo qui sapiente maiores. Quod commodi non sit quaerat soluta sunt. Eligendi veniam error eum.', '1986-12-31 18:07:07', '2008-05-01 18:00:12');
INSERT INTO `messages` (`id`, `from_user_id`, `to_user_id`, `body`, `created_at`, `read_at`) VALUES ('91', '185', '185', 'Vel qui facere assumenda sed repellendus id. Id maiores distinctio nostrum sed. Sunt qui cum et asperiores accusantium possimus. Qui dolorum sunt est quisquam magni minus possimus.', '1987-09-04 20:48:36', '1996-09-19 04:41:31');
INSERT INTO `messages` (`id`, `from_user_id`, `to_user_id`, `body`, `created_at`, `read_at`) VALUES ('92', '188', '188', 'Tenetur maiores voluptatum consequuntur ipsam nisi et voluptates. Dolorum et consectetur dignissimos voluptate deleniti dolorem. Dolor qui modi sint enim.', '1985-10-03 23:37:02', '1986-08-12 21:31:59');
INSERT INTO `messages` (`id`, `from_user_id`, `to_user_id`, `body`, `created_at`, `read_at`) VALUES ('93', '190', '190', 'Vel alias veniam expedita rerum perspiciatis. Recusandae exercitationem facere voluptatum doloribus suscipit est quia et. Enim libero totam et aliquam consequuntur et incidunt.', '2019-01-18 18:57:47', '1987-04-09 21:58:04');
INSERT INTO `messages` (`id`, `from_user_id`, `to_user_id`, `body`, `created_at`, `read_at`) VALUES ('94', '191', '191', 'Vitae perspiciatis dolore eos architecto quasi vero enim nobis. Minus ducimus explicabo voluptatem enim quis voluptate optio nam. Consequatur iste inventore rerum earum animi.', '2020-07-24 18:14:27', '2021-03-06 16:24:27');
INSERT INTO `messages` (`id`, `from_user_id`, `to_user_id`, `body`, `created_at`, `read_at`) VALUES ('95', '193', '193', 'Repudiandae ipsam assumenda amet. Et sed possimus minima veniam enim dolor occaecati. Accusamus repudiandae laudantium optio fuga ratione non.', '1998-10-15 13:50:45', '2000-06-12 17:42:21');
INSERT INTO `messages` (`id`, `from_user_id`, `to_user_id`, `body`, `created_at`, `read_at`) VALUES ('96', '195', '195', 'Assumenda consequatur quasi qui. Velit eaque voluptates voluptatem.', '1977-06-19 01:42:09', '2013-11-01 10:43:45');
INSERT INTO `messages` (`id`, `from_user_id`, `to_user_id`, `body`, `created_at`, `read_at`) VALUES ('97', '196', '196', 'Nihil excepturi ut modi adipisci perspiciatis ut. In sed saepe nemo voluptatem occaecati perspiciatis. Odit totam consequatur enim eum explicabo quis.', '1980-08-15 18:06:06', '1985-07-04 16:13:40');
INSERT INTO `messages` (`id`, `from_user_id`, `to_user_id`, `body`, `created_at`, `read_at`) VALUES ('98', '197', '197', 'Deserunt nihil repellat sit est rerum voluptates aut natus. Autem ducimus ratione laboriosam eius necessitatibus quo. Voluptatem et assumenda rerum fugit. Quidem voluptatem possimus omnis voluptatibus dolores autem est ut.', '1990-01-30 02:23:40', '1982-08-12 06:28:24');
INSERT INTO `messages` (`id`, `from_user_id`, `to_user_id`, `body`, `created_at`, `read_at`) VALUES ('99', '101', '101', 'Quasi dolorum suscipit minima aut sit. Pariatur sit esse aliquam libero saepe harum. Id hic iusto repudiandae omnis vitae minus incidunt.', '1986-01-23 04:05:33', '2005-06-15 12:03:29');
INSERT INTO `messages` (`id`, `from_user_id`, `to_user_id`, `body`, `created_at`, `read_at`) VALUES ('100', '102', '102', 'Qui dignissimos laudantium non sint. Voluptatibus inventore maxime quibusdam quod tenetur eveniet earum. Enim cumque officia sit quis vel ut error libero. Vero eum et cumque et molestiae quo.', '2007-10-16 19:03:38', '1985-01-03 21:42:58');

INSERT INTO `photo_albums` (`id`, `name`, `user_id`) VALUES ('1', 'labore', '101');
INSERT INTO `photo_albums` (`id`, `name`, `user_id`) VALUES ('2', 'maiores', '102');
INSERT INTO `photo_albums` (`id`, `name`, `user_id`) VALUES ('3', 'quae', '103');
INSERT INTO `photo_albums` (`id`, `name`, `user_id`) VALUES ('4', 'velit', '104');
INSERT INTO `photo_albums` (`id`, `name`, `user_id`) VALUES ('5', 'nemo', '105');
INSERT INTO `photo_albums` (`id`, `name`, `user_id`) VALUES ('6', 'natus', '106');
INSERT INTO `photo_albums` (`id`, `name`, `user_id`) VALUES ('7', 'debitis', '107');
INSERT INTO `photo_albums` (`id`, `name`, `user_id`) VALUES ('8', 'a', '108');
INSERT INTO `photo_albums` (`id`, `name`, `user_id`) VALUES ('9', 'sint', '109');
INSERT INTO `photo_albums` (`id`, `name`, `user_id`) VALUES ('10', 'dicta', '110');
INSERT INTO `photo_albums` (`id`, `name`, `user_id`) VALUES ('11', 'aliquam', '115');
INSERT INTO `photo_albums` (`id`, `name`, `user_id`) VALUES ('12', 'maiores', '117');
INSERT INTO `photo_albums` (`id`, `name`, `user_id`) VALUES ('13', 'ut', '119');
INSERT INTO `photo_albums` (`id`, `name`, `user_id`) VALUES ('14', 'nihil', '121');
INSERT INTO `photo_albums` (`id`, `name`, `user_id`) VALUES ('15', 'ullam', '122');
INSERT INTO `photo_albums` (`id`, `name`, `user_id`) VALUES ('16', 'est', '124');
INSERT INTO `photo_albums` (`id`, `name`, `user_id`) VALUES ('17', 'distinctio', '127');
INSERT INTO `photo_albums` (`id`, `name`, `user_id`) VALUES ('18', 'ullam', '130');
INSERT INTO `photo_albums` (`id`, `name`, `user_id`) VALUES ('19', 'assumenda', '135');
INSERT INTO `photo_albums` (`id`, `name`, `user_id`) VALUES ('20', 'ut', '138');
INSERT INTO `photo_albums` (`id`, `name`, `user_id`) VALUES ('21', 'animi', '139');
INSERT INTO `photo_albums` (`id`, `name`, `user_id`) VALUES ('22', 'voluptatem', '140');
INSERT INTO `photo_albums` (`id`, `name`, `user_id`) VALUES ('23', 'ea', '142');
INSERT INTO `photo_albums` (`id`, `name`, `user_id`) VALUES ('24', 'praesentium', '143');
INSERT INTO `photo_albums` (`id`, `name`, `user_id`) VALUES ('25', 'quia', '145');
INSERT INTO `photo_albums` (`id`, `name`, `user_id`) VALUES ('26', 'ut', '149');
INSERT INTO `photo_albums` (`id`, `name`, `user_id`) VALUES ('27', 'et', '150');
INSERT INTO `photo_albums` (`id`, `name`, `user_id`) VALUES ('28', 'sed', '151');
INSERT INTO `photo_albums` (`id`, `name`, `user_id`) VALUES ('29', 'enim', '152');
INSERT INTO `photo_albums` (`id`, `name`, `user_id`) VALUES ('30', 'ipsa', '154');
INSERT INTO `photo_albums` (`id`, `name`, `user_id`) VALUES ('31', 'eaque', '155');
INSERT INTO `photo_albums` (`id`, `name`, `user_id`) VALUES ('32', 'quia', '157');
INSERT INTO `photo_albums` (`id`, `name`, `user_id`) VALUES ('33', 'rerum', '161');
INSERT INTO `photo_albums` (`id`, `name`, `user_id`) VALUES ('34', 'non', '164');
INSERT INTO `photo_albums` (`id`, `name`, `user_id`) VALUES ('35', 'et', '166');
INSERT INTO `photo_albums` (`id`, `name`, `user_id`) VALUES ('36', 'unde', '168');
INSERT INTO `photo_albums` (`id`, `name`, `user_id`) VALUES ('37', 'similique', '169');
INSERT INTO `photo_albums` (`id`, `name`, `user_id`) VALUES ('38', 'quo', '174');
INSERT INTO `photo_albums` (`id`, `name`, `user_id`) VALUES ('39', 'omnis', '176');
INSERT INTO `photo_albums` (`id`, `name`, `user_id`) VALUES ('40', 'atque', '177');
INSERT INTO `photo_albums` (`id`, `name`, `user_id`) VALUES ('41', 'aut', '180');
INSERT INTO `photo_albums` (`id`, `name`, `user_id`) VALUES ('42', 'cumque', '185');
INSERT INTO `photo_albums` (`id`, `name`, `user_id`) VALUES ('43', 'architecto', '188');
INSERT INTO `photo_albums` (`id`, `name`, `user_id`) VALUES ('44', 'quia', '190');
INSERT INTO `photo_albums` (`id`, `name`, `user_id`) VALUES ('45', 'ea', '191');
INSERT INTO `photo_albums` (`id`, `name`, `user_id`) VALUES ('46', 'eius', '193');
INSERT INTO `photo_albums` (`id`, `name`, `user_id`) VALUES ('47', 'tenetur', '195');
INSERT INTO `photo_albums` (`id`, `name`, `user_id`) VALUES ('48', 'enim', '196');
INSERT INTO `photo_albums` (`id`, `name`, `user_id`) VALUES ('49', 'consequatur', '197');
INSERT INTO `photo_albums` (`id`, `name`, `user_id`) VALUES ('50', 'eum', '101');
INSERT INTO `photo_albums` (`id`, `name`, `user_id`) VALUES ('51', 'aut', '102');
INSERT INTO `photo_albums` (`id`, `name`, `user_id`) VALUES ('52', 'voluptatem', '103');
INSERT INTO `photo_albums` (`id`, `name`, `user_id`) VALUES ('53', 'omnis', '104');
INSERT INTO `photo_albums` (`id`, `name`, `user_id`) VALUES ('54', 'magnam', '105');
INSERT INTO `photo_albums` (`id`, `name`, `user_id`) VALUES ('55', 'sed', '106');
INSERT INTO `photo_albums` (`id`, `name`, `user_id`) VALUES ('56', 'dolores', '107');
INSERT INTO `photo_albums` (`id`, `name`, `user_id`) VALUES ('57', 'ut', '108');
INSERT INTO `photo_albums` (`id`, `name`, `user_id`) VALUES ('58', 'molestias', '109');
INSERT INTO `photo_albums` (`id`, `name`, `user_id`) VALUES ('59', 'corporis', '110');
INSERT INTO `photo_albums` (`id`, `name`, `user_id`) VALUES ('60', 'vero', '115');
INSERT INTO `photo_albums` (`id`, `name`, `user_id`) VALUES ('61', 'inventore', '117');
INSERT INTO `photo_albums` (`id`, `name`, `user_id`) VALUES ('62', 'vitae', '119');
INSERT INTO `photo_albums` (`id`, `name`, `user_id`) VALUES ('63', 'ipsam', '121');
INSERT INTO `photo_albums` (`id`, `name`, `user_id`) VALUES ('64', 'quos', '122');
INSERT INTO `photo_albums` (`id`, `name`, `user_id`) VALUES ('65', 'non', '124');
INSERT INTO `photo_albums` (`id`, `name`, `user_id`) VALUES ('66', 'cumque', '127');
INSERT INTO `photo_albums` (`id`, `name`, `user_id`) VALUES ('67', 'cumque', '130');
INSERT INTO `photo_albums` (`id`, `name`, `user_id`) VALUES ('68', 'ab', '135');
INSERT INTO `photo_albums` (`id`, `name`, `user_id`) VALUES ('69', 'suscipit', '138');
INSERT INTO `photo_albums` (`id`, `name`, `user_id`) VALUES ('70', 'dolore', '139');
INSERT INTO `photo_albums` (`id`, `name`, `user_id`) VALUES ('71', 'iusto', '140');
INSERT INTO `photo_albums` (`id`, `name`, `user_id`) VALUES ('72', 'inventore', '142');
INSERT INTO `photo_albums` (`id`, `name`, `user_id`) VALUES ('73', 'sit', '143');
INSERT INTO `photo_albums` (`id`, `name`, `user_id`) VALUES ('74', 'quibusdam', '145');
INSERT INTO `photo_albums` (`id`, `name`, `user_id`) VALUES ('75', 'distinctio', '149');
INSERT INTO `photo_albums` (`id`, `name`, `user_id`) VALUES ('76', 'minima', '150');
INSERT INTO `photo_albums` (`id`, `name`, `user_id`) VALUES ('77', 'suscipit', '151');
INSERT INTO `photo_albums` (`id`, `name`, `user_id`) VALUES ('78', 'ea', '152');
INSERT INTO `photo_albums` (`id`, `name`, `user_id`) VALUES ('79', 'dolorum', '154');
INSERT INTO `photo_albums` (`id`, `name`, `user_id`) VALUES ('80', 'sint', '155');
INSERT INTO `photo_albums` (`id`, `name`, `user_id`) VALUES ('81', 'magni', '157');
INSERT INTO `photo_albums` (`id`, `name`, `user_id`) VALUES ('82', 'at', '161');
INSERT INTO `photo_albums` (`id`, `name`, `user_id`) VALUES ('83', 'molestiae', '164');
INSERT INTO `photo_albums` (`id`, `name`, `user_id`) VALUES ('84', 'asperiores', '166');
INSERT INTO `photo_albums` (`id`, `name`, `user_id`) VALUES ('85', 'ab', '168');
INSERT INTO `photo_albums` (`id`, `name`, `user_id`) VALUES ('86', 'hic', '169');
INSERT INTO `photo_albums` (`id`, `name`, `user_id`) VALUES ('87', 'molestiae', '174');
INSERT INTO `photo_albums` (`id`, `name`, `user_id`) VALUES ('88', 'quas', '176');
INSERT INTO `photo_albums` (`id`, `name`, `user_id`) VALUES ('89', 'dolorum', '177');
INSERT INTO `photo_albums` (`id`, `name`, `user_id`) VALUES ('90', 'delectus', '180');
INSERT INTO `photo_albums` (`id`, `name`, `user_id`) VALUES ('91', 'dolor', '185');
INSERT INTO `photo_albums` (`id`, `name`, `user_id`) VALUES ('92', 'soluta', '188');
INSERT INTO `photo_albums` (`id`, `name`, `user_id`) VALUES ('93', 'facere', '190');
INSERT INTO `photo_albums` (`id`, `name`, `user_id`) VALUES ('94', 'dignissimos', '191');
INSERT INTO `photo_albums` (`id`, `name`, `user_id`) VALUES ('95', 'perferendis', '193');
INSERT INTO `photo_albums` (`id`, `name`, `user_id`) VALUES ('96', 'sapiente', '195');
INSERT INTO `photo_albums` (`id`, `name`, `user_id`) VALUES ('97', 'explicabo', '196');
INSERT INTO `photo_albums` (`id`, `name`, `user_id`) VALUES ('98', 'esse', '197');
INSERT INTO `photo_albums` (`id`, `name`, `user_id`) VALUES ('99', 'aut', '101');
INSERT INTO `photo_albums` (`id`, `name`, `user_id`) VALUES ('100', 'aperiam', '102');

INSERT INTO `photos` (`id`, `album_id`, `media_id`) VALUES ('1', '1', '1');
INSERT INTO `photos` (`id`, `album_id`, `media_id`) VALUES ('2', '2', '2');
INSERT INTO `photos` (`id`, `album_id`, `media_id`) VALUES ('3', '3', '3');
INSERT INTO `photos` (`id`, `album_id`, `media_id`) VALUES ('4', '4', '4');
INSERT INTO `photos` (`id`, `album_id`, `media_id`) VALUES ('5', '5', '5');
INSERT INTO `photos` (`id`, `album_id`, `media_id`) VALUES ('6', '6', '6');
INSERT INTO `photos` (`id`, `album_id`, `media_id`) VALUES ('7', '7', '7');
INSERT INTO `photos` (`id`, `album_id`, `media_id`) VALUES ('8', '8', '8');
INSERT INTO `photos` (`id`, `album_id`, `media_id`) VALUES ('9', '9', '9');
INSERT INTO `photos` (`id`, `album_id`, `media_id`) VALUES ('10', '10', '10');
INSERT INTO `photos` (`id`, `album_id`, `media_id`) VALUES ('11', '11', '11');
INSERT INTO `photos` (`id`, `album_id`, `media_id`) VALUES ('12', '12', '12');
INSERT INTO `photos` (`id`, `album_id`, `media_id`) VALUES ('13', '13', '13');
INSERT INTO `photos` (`id`, `album_id`, `media_id`) VALUES ('14', '14', '14');
INSERT INTO `photos` (`id`, `album_id`, `media_id`) VALUES ('15', '15', '15');
INSERT INTO `photos` (`id`, `album_id`, `media_id`) VALUES ('16', '16', '16');
INSERT INTO `photos` (`id`, `album_id`, `media_id`) VALUES ('17', '17', '17');
INSERT INTO `photos` (`id`, `album_id`, `media_id`) VALUES ('18', '18', '18');
INSERT INTO `photos` (`id`, `album_id`, `media_id`) VALUES ('19', '19', '19');
INSERT INTO `photos` (`id`, `album_id`, `media_id`) VALUES ('20', '20', '20');
INSERT INTO `photos` (`id`, `album_id`, `media_id`) VALUES ('21', '21', '21');
INSERT INTO `photos` (`id`, `album_id`, `media_id`) VALUES ('22', '22', '22');
INSERT INTO `photos` (`id`, `album_id`, `media_id`) VALUES ('23', '23', '23');
INSERT INTO `photos` (`id`, `album_id`, `media_id`) VALUES ('24', '24', '24');
INSERT INTO `photos` (`id`, `album_id`, `media_id`) VALUES ('25', '25', '25');
INSERT INTO `photos` (`id`, `album_id`, `media_id`) VALUES ('26', '26', '26');
INSERT INTO `photos` (`id`, `album_id`, `media_id`) VALUES ('27', '27', '27');
INSERT INTO `photos` (`id`, `album_id`, `media_id`) VALUES ('28', '28', '28');
INSERT INTO `photos` (`id`, `album_id`, `media_id`) VALUES ('29', '29', '29');
INSERT INTO `photos` (`id`, `album_id`, `media_id`) VALUES ('30', '30', '30');
INSERT INTO `photos` (`id`, `album_id`, `media_id`) VALUES ('31', '31', '31');
INSERT INTO `photos` (`id`, `album_id`, `media_id`) VALUES ('32', '32', '32');
INSERT INTO `photos` (`id`, `album_id`, `media_id`) VALUES ('33', '33', '33');
INSERT INTO `photos` (`id`, `album_id`, `media_id`) VALUES ('34', '34', '34');
INSERT INTO `photos` (`id`, `album_id`, `media_id`) VALUES ('35', '35', '35');
INSERT INTO `photos` (`id`, `album_id`, `media_id`) VALUES ('36', '36', '36');
INSERT INTO `photos` (`id`, `album_id`, `media_id`) VALUES ('37', '37', '37');
INSERT INTO `photos` (`id`, `album_id`, `media_id`) VALUES ('38', '38', '38');
INSERT INTO `photos` (`id`, `album_id`, `media_id`) VALUES ('39', '39', '39');
INSERT INTO `photos` (`id`, `album_id`, `media_id`) VALUES ('40', '40', '40');
INSERT INTO `photos` (`id`, `album_id`, `media_id`) VALUES ('41', '41', '41');
INSERT INTO `photos` (`id`, `album_id`, `media_id`) VALUES ('42', '42', '42');
INSERT INTO `photos` (`id`, `album_id`, `media_id`) VALUES ('43', '43', '43');
INSERT INTO `photos` (`id`, `album_id`, `media_id`) VALUES ('44', '44', '44');
INSERT INTO `photos` (`id`, `album_id`, `media_id`) VALUES ('45', '45', '45');
INSERT INTO `photos` (`id`, `album_id`, `media_id`) VALUES ('46', '46', '46');
INSERT INTO `photos` (`id`, `album_id`, `media_id`) VALUES ('47', '47', '47');
INSERT INTO `photos` (`id`, `album_id`, `media_id`) VALUES ('48', '48', '48');
INSERT INTO `photos` (`id`, `album_id`, `media_id`) VALUES ('49', '49', '49');
INSERT INTO `photos` (`id`, `album_id`, `media_id`) VALUES ('50', '50', '50');
INSERT INTO `photos` (`id`, `album_id`, `media_id`) VALUES ('51', '51', '51');
INSERT INTO `photos` (`id`, `album_id`, `media_id`) VALUES ('52', '52', '52');
INSERT INTO `photos` (`id`, `album_id`, `media_id`) VALUES ('53', '53', '53');
INSERT INTO `photos` (`id`, `album_id`, `media_id`) VALUES ('54', '54', '54');
INSERT INTO `photos` (`id`, `album_id`, `media_id`) VALUES ('55', '55', '55');
INSERT INTO `photos` (`id`, `album_id`, `media_id`) VALUES ('56', '56', '56');
INSERT INTO `photos` (`id`, `album_id`, `media_id`) VALUES ('57', '57', '57');
INSERT INTO `photos` (`id`, `album_id`, `media_id`) VALUES ('58', '58', '58');
INSERT INTO `photos` (`id`, `album_id`, `media_id`) VALUES ('59', '59', '59');
INSERT INTO `photos` (`id`, `album_id`, `media_id`) VALUES ('60', '60', '60');
INSERT INTO `photos` (`id`, `album_id`, `media_id`) VALUES ('61', '61', '61');
INSERT INTO `photos` (`id`, `album_id`, `media_id`) VALUES ('62', '62', '62');
INSERT INTO `photos` (`id`, `album_id`, `media_id`) VALUES ('63', '63', '63');
INSERT INTO `photos` (`id`, `album_id`, `media_id`) VALUES ('64', '64', '64');
INSERT INTO `photos` (`id`, `album_id`, `media_id`) VALUES ('65', '65', '65');
INSERT INTO `photos` (`id`, `album_id`, `media_id`) VALUES ('66', '66', '66');
INSERT INTO `photos` (`id`, `album_id`, `media_id`) VALUES ('67', '67', '67');
INSERT INTO `photos` (`id`, `album_id`, `media_id`) VALUES ('68', '68', '68');
INSERT INTO `photos` (`id`, `album_id`, `media_id`) VALUES ('69', '69', '69');
INSERT INTO `photos` (`id`, `album_id`, `media_id`) VALUES ('70', '70', '70');
INSERT INTO `photos` (`id`, `album_id`, `media_id`) VALUES ('71', '71', '71');
INSERT INTO `photos` (`id`, `album_id`, `media_id`) VALUES ('72', '72', '72');
INSERT INTO `photos` (`id`, `album_id`, `media_id`) VALUES ('73', '73', '73');
INSERT INTO `photos` (`id`, `album_id`, `media_id`) VALUES ('74', '74', '74');
INSERT INTO `photos` (`id`, `album_id`, `media_id`) VALUES ('75', '75', '75');
INSERT INTO `photos` (`id`, `album_id`, `media_id`) VALUES ('76', '76', '76');
INSERT INTO `photos` (`id`, `album_id`, `media_id`) VALUES ('77', '77', '77');
INSERT INTO `photos` (`id`, `album_id`, `media_id`) VALUES ('78', '78', '78');
INSERT INTO `photos` (`id`, `album_id`, `media_id`) VALUES ('79', '79', '79');
INSERT INTO `photos` (`id`, `album_id`, `media_id`) VALUES ('80', '80', '80');
INSERT INTO `photos` (`id`, `album_id`, `media_id`) VALUES ('81', '81', '81');
INSERT INTO `photos` (`id`, `album_id`, `media_id`) VALUES ('82', '82', '82');
INSERT INTO `photos` (`id`, `album_id`, `media_id`) VALUES ('83', '83', '83');
INSERT INTO `photos` (`id`, `album_id`, `media_id`) VALUES ('84', '84', '84');
INSERT INTO `photos` (`id`, `album_id`, `media_id`) VALUES ('85', '85', '85');
INSERT INTO `photos` (`id`, `album_id`, `media_id`) VALUES ('86', '86', '86');
INSERT INTO `photos` (`id`, `album_id`, `media_id`) VALUES ('87', '87', '87');
INSERT INTO `photos` (`id`, `album_id`, `media_id`) VALUES ('88', '88', '88');
INSERT INTO `photos` (`id`, `album_id`, `media_id`) VALUES ('89', '89', '89');
INSERT INTO `photos` (`id`, `album_id`, `media_id`) VALUES ('90', '90', '90');
INSERT INTO `photos` (`id`, `album_id`, `media_id`) VALUES ('91', '91', '91');
INSERT INTO `photos` (`id`, `album_id`, `media_id`) VALUES ('92', '92', '92');
INSERT INTO `photos` (`id`, `album_id`, `media_id`) VALUES ('93', '93', '93');
INSERT INTO `photos` (`id`, `album_id`, `media_id`) VALUES ('94', '94', '94');
INSERT INTO `photos` (`id`, `album_id`, `media_id`) VALUES ('95', '95', '95');
INSERT INTO `photos` (`id`, `album_id`, `media_id`) VALUES ('96', '96', '96');
INSERT INTO `photos` (`id`, `album_id`, `media_id`) VALUES ('97', '97', '97');
INSERT INTO `photos` (`id`, `album_id`, `media_id`) VALUES ('98', '98', '98');
INSERT INTO `photos` (`id`, `album_id`, `media_id`) VALUES ('99', '99', '99');
INSERT INTO `photos` (`id`, `album_id`, `media_id`) VALUES ('100', '100', '100');


INSERT INTO `profiles` (`user_id`, `gender`, `birthday`, `photo_id`, `created_at`, `hometown`) VALUES ('101', NULL, '2012-08-23', '1', '1975-09-11 01:53:09', NULL);
INSERT INTO `profiles` (`user_id`, `gender`, `birthday`, `photo_id`, `created_at`, `hometown`) VALUES ('102', NULL, '2001-11-07', '2', '1991-05-08 23:12:57', NULL);
INSERT INTO `profiles` (`user_id`, `gender`, `birthday`, `photo_id`, `created_at`, `hometown`) VALUES ('103', NULL, '2014-05-01', '3', '1993-09-12 10:38:01', NULL);
INSERT INTO `profiles` (`user_id`, `gender`, `birthday`, `photo_id`, `created_at`, `hometown`) VALUES ('104', NULL, '1996-11-14', '4', '1977-01-04 11:39:15', NULL);
INSERT INTO `profiles` (`user_id`, `gender`, `birthday`, `photo_id`, `created_at`, `hometown`) VALUES ('105', NULL, '1988-03-10', '5', '1972-07-12 03:17:27', NULL);
INSERT INTO `profiles` (`user_id`, `gender`, `birthday`, `photo_id`, `created_at`, `hometown`) VALUES ('106', NULL, '1970-07-07', '6', '2017-04-01 19:13:51', NULL);
INSERT INTO `profiles` (`user_id`, `gender`, `birthday`, `photo_id`, `created_at`, `hometown`) VALUES ('107', NULL, '1977-03-21', '7', '2009-01-26 16:40:59', NULL);
INSERT INTO `profiles` (`user_id`, `gender`, `birthday`, `photo_id`, `created_at`, `hometown`) VALUES ('108', NULL, '2015-02-12', '8', '1976-11-04 03:59:06', NULL);
INSERT INTO `profiles` (`user_id`, `gender`, `birthday`, `photo_id`, `created_at`, `hometown`) VALUES ('109', NULL, '1981-11-03', '9', '1996-06-28 19:30:05', NULL);
INSERT INTO `profiles` (`user_id`, `gender`, `birthday`, `photo_id`, `created_at`, `hometown`) VALUES ('110', NULL, '1996-04-17', '10', '1996-11-27 20:08:09', NULL);
INSERT INTO `profiles` (`user_id`, `gender`, `birthday`, `photo_id`, `created_at`, `hometown`) VALUES ('115', NULL, '1973-07-18', '11', '1970-01-19 21:18:01', NULL);
INSERT INTO `profiles` (`user_id`, `gender`, `birthday`, `photo_id`, `created_at`, `hometown`) VALUES ('117', NULL, '1986-07-12', '12', '2015-05-07 07:26:22', NULL);
INSERT INTO `profiles` (`user_id`, `gender`, `birthday`, `photo_id`, `created_at`, `hometown`) VALUES ('119', NULL, '1976-05-07', '13', '1985-12-14 05:29:25', NULL);
INSERT INTO `profiles` (`user_id`, `gender`, `birthday`, `photo_id`, `created_at`, `hometown`) VALUES ('121', NULL, '1988-01-27', '14', '1994-10-02 08:01:06', NULL);
INSERT INTO `profiles` (`user_id`, `gender`, `birthday`, `photo_id`, `created_at`, `hometown`) VALUES ('122', NULL, '1996-06-10', '15', '1978-02-11 18:56:12', NULL);
INSERT INTO `profiles` (`user_id`, `gender`, `birthday`, `photo_id`, `created_at`, `hometown`) VALUES ('124', NULL, '1996-09-19', '16', '2002-12-22 18:20:41', NULL);
INSERT INTO `profiles` (`user_id`, `gender`, `birthday`, `photo_id`, `created_at`, `hometown`) VALUES ('127', NULL, '1973-08-30', '17', '2009-06-09 20:23:54', NULL);
INSERT INTO `profiles` (`user_id`, `gender`, `birthday`, `photo_id`, `created_at`, `hometown`) VALUES ('130', NULL, '2017-07-08', '18', '1976-02-01 04:10:31', NULL);
INSERT INTO `profiles` (`user_id`, `gender`, `birthday`, `photo_id`, `created_at`, `hometown`) VALUES ('135', NULL, '1972-05-16', '19', '2002-07-02 09:20:08', NULL);
INSERT INTO `profiles` (`user_id`, `gender`, `birthday`, `photo_id`, `created_at`, `hometown`) VALUES ('138', NULL, '1997-03-16', '20', '1996-02-13 05:21:58', NULL);
INSERT INTO `profiles` (`user_id`, `gender`, `birthday`, `photo_id`, `created_at`, `hometown`) VALUES ('139', NULL, '1981-05-08', '21', '1972-11-27 01:40:19', NULL);
INSERT INTO `profiles` (`user_id`, `gender`, `birthday`, `photo_id`, `created_at`, `hometown`) VALUES ('140', NULL, '1989-12-30', '22', '1992-07-08 07:54:43', NULL);
INSERT INTO `profiles` (`user_id`, `gender`, `birthday`, `photo_id`, `created_at`, `hometown`) VALUES ('142', NULL, '1991-09-14', '23', '1988-12-17 11:53:20', NULL);
INSERT INTO `profiles` (`user_id`, `gender`, `birthday`, `photo_id`, `created_at`, `hometown`) VALUES ('143', NULL, '2000-06-23', '24', '1982-03-06 10:29:09', NULL);
INSERT INTO `profiles` (`user_id`, `gender`, `birthday`, `photo_id`, `created_at`, `hometown`) VALUES ('145', NULL, '2008-01-05', '25', '2009-03-28 13:40:27', NULL);
INSERT INTO `profiles` (`user_id`, `gender`, `birthday`, `photo_id`, `created_at`, `hometown`) VALUES ('149', NULL, '1997-12-24', '26', '1980-05-26 17:25:29', NULL);
INSERT INTO `profiles` (`user_id`, `gender`, `birthday`, `photo_id`, `created_at`, `hometown`) VALUES ('150', NULL, '1982-02-19', '27', '2005-12-28 18:57:43', NULL);
INSERT INTO `profiles` (`user_id`, `gender`, `birthday`, `photo_id`, `created_at`, `hometown`) VALUES ('151', NULL, '1973-04-28', '28', '2007-06-29 10:13:08', NULL);
INSERT INTO `profiles` (`user_id`, `gender`, `birthday`, `photo_id`, `created_at`, `hometown`) VALUES ('152', NULL, '1990-08-28', '29', '2012-12-31 21:52:44', NULL);
INSERT INTO `profiles` (`user_id`, `gender`, `birthday`, `photo_id`, `created_at`, `hometown`) VALUES ('154', NULL, '1996-09-22', '30', '1981-04-18 04:28:52', NULL);
INSERT INTO `profiles` (`user_id`, `gender`, `birthday`, `photo_id`, `created_at`, `hometown`) VALUES ('155', NULL, '1976-06-01', '31', '1970-01-21 16:57:37', NULL);
INSERT INTO `profiles` (`user_id`, `gender`, `birthday`, `photo_id`, `created_at`, `hometown`) VALUES ('157', NULL, '1997-05-31', '32', '1985-03-16 18:43:33', NULL);
INSERT INTO `profiles` (`user_id`, `gender`, `birthday`, `photo_id`, `created_at`, `hometown`) VALUES ('161', NULL, '1970-09-04', '33', '2004-11-27 16:40:48', NULL);
INSERT INTO `profiles` (`user_id`, `gender`, `birthday`, `photo_id`, `created_at`, `hometown`) VALUES ('164', NULL, '2013-03-17', '34', '1991-01-10 00:09:12', NULL);
INSERT INTO `profiles` (`user_id`, `gender`, `birthday`, `photo_id`, `created_at`, `hometown`) VALUES ('166', NULL, '1983-12-17', '35', '1998-08-19 11:19:02', NULL);
INSERT INTO `profiles` (`user_id`, `gender`, `birthday`, `photo_id`, `created_at`, `hometown`) VALUES ('168', NULL, '1978-11-02', '36', '2021-04-05 05:27:46', NULL);
INSERT INTO `profiles` (`user_id`, `gender`, `birthday`, `photo_id`, `created_at`, `hometown`) VALUES ('169', NULL, '1980-06-19', '37', '2020-03-13 17:52:29', NULL);
INSERT INTO `profiles` (`user_id`, `gender`, `birthday`, `photo_id`, `created_at`, `hometown`) VALUES ('174', NULL, '1990-03-02', '38', '2008-12-09 03:59:31', NULL);
INSERT INTO `profiles` (`user_id`, `gender`, `birthday`, `photo_id`, `created_at`, `hometown`) VALUES ('176', NULL, '1972-09-18', '39', '2002-06-04 08:02:25', NULL);
INSERT INTO `profiles` (`user_id`, `gender`, `birthday`, `photo_id`, `created_at`, `hometown`) VALUES ('177', NULL, '1998-07-07', '40', '2020-09-18 04:34:26', NULL);
INSERT INTO `profiles` (`user_id`, `gender`, `birthday`, `photo_id`, `created_at`, `hometown`) VALUES ('180', NULL, '2017-09-08', '41', '1999-04-23 04:59:58', NULL);
INSERT INTO `profiles` (`user_id`, `gender`, `birthday`, `photo_id`, `created_at`, `hometown`) VALUES ('185', NULL, '1984-01-28', '42', '1983-10-18 19:43:48', NULL);
INSERT INTO `profiles` (`user_id`, `gender`, `birthday`, `photo_id`, `created_at`, `hometown`) VALUES ('188', NULL, '1972-01-03', '43', '2000-05-03 09:19:12', NULL);
INSERT INTO `profiles` (`user_id`, `gender`, `birthday`, `photo_id`, `created_at`, `hometown`) VALUES ('190', NULL, '2000-01-19', '44', '1986-09-21 02:40:24', NULL);
INSERT INTO `profiles` (`user_id`, `gender`, `birthday`, `photo_id`, `created_at`, `hometown`) VALUES ('191', NULL, '2015-11-20', '45', '2014-04-24 09:53:36', NULL);
INSERT INTO `profiles` (`user_id`, `gender`, `birthday`, `photo_id`, `created_at`, `hometown`) VALUES ('193', NULL, '2016-08-17', '46', '1973-08-14 20:05:10', NULL);
INSERT INTO `profiles` (`user_id`, `gender`, `birthday`, `photo_id`, `created_at`, `hometown`) VALUES ('195', NULL, '1975-07-21', '47', '1994-03-10 07:53:55', NULL);
INSERT INTO `profiles` (`user_id`, `gender`, `birthday`, `photo_id`, `created_at`, `hometown`) VALUES ('196', NULL, '2010-08-04', '48', '1999-05-20 04:14:35', NULL);
INSERT INTO `profiles` (`user_id`, `gender`, `birthday`, `photo_id`, `created_at`, `hometown`) VALUES ('197', NULL, '1986-01-27', '49', '1983-09-06 11:48:22', NULL);

INSERT INTO `users` (`id`, `firstname`, `lastname`, `email`, `password_hash`, `phone`) VALUES ('101', 'Alvina', 'Doyle', 'loy16@example.org', 'efa48dd0d11e7711cb7635cd7840340a2c28c0e8', '421409');
INSERT INTO `users` (`id`, `firstname`, `lastname`, `email`, `password_hash`, `phone`) VALUES ('102', 'Kaycee', 'Koelpin', 'zula.armstrong@example.com', '6b44797911e2b21081bb4f6a4aabe6b3798c1ee2', '6273132113');
INSERT INTO `users` (`id`, `firstname`, `lastname`, `email`, `password_hash`, `phone`) VALUES ('103', 'Ryder', 'Turcotte', 'jazmyn.kiehn@example.net', '74aa10555be4759bc4b51bf599b44e0af5217364', '5655708254');
INSERT INTO `users` (`id`, `firstname`, `lastname`, `email`, `password_hash`, `phone`) VALUES ('104', 'Reyna', 'Cummings', 'macejkovic.fred@example.net', '00e72bb2f638cf12162356e52d337062460b1ae1', '566');
INSERT INTO `users` (`id`, `firstname`, `lastname`, `email`, `password_hash`, `phone`) VALUES ('105', 'Ruben', 'Daniel', 'cd\'amore@example.net', '10d0fdf415c26245955d2cba45c9a136b84d0b07', '203558');
INSERT INTO `users` (`id`, `firstname`, `lastname`, `email`, `password_hash`, `phone`) VALUES ('106', 'Andreane', 'Balistreri', 'ida39@example.net', 'f84d40a36cc95664730717f8edffb75982c3664d', '1');
INSERT INTO `users` (`id`, `firstname`, `lastname`, `email`, `password_hash`, `phone`) VALUES ('107', 'Fletcher', 'Collins', 'raheem.feil@example.net', 'c0c61d804bc851915ea48f1b31347eea3d6febc6', '676613');
INSERT INTO `users` (`id`, `firstname`, `lastname`, `email`, `password_hash`, `phone`) VALUES ('108', 'Rudolph', 'Nienow', 'mann.linwood@example.org', '72f750f59fada5a52176ff817340b7e1d1321aaa', '2775669390');
INSERT INTO `users` (`id`, `firstname`, `lastname`, `email`, `password_hash`, `phone`) VALUES ('109', 'Velva', 'Howe', 'leola.weber@example.com', 'ac5f217e50ff83b653bb3bf92e5a8def57abab18', '92');
INSERT INTO `users` (`id`, `firstname`, `lastname`, `email`, `password_hash`, `phone`) VALUES ('110', 'Alexandrine', 'Hayes', 'schumm.maci@example.org', '60c8dc83fd5f8b9291d5a5f8f8c7ed3c52818106', '0');
INSERT INTO `users` (`id`, `firstname`, `lastname`, `email`, `password_hash`, `phone`) VALUES ('115', 'Chelsey', 'Feeney', 'caltenwerth@example.com', 'aa9b2b80733c74903ef02ff01eb0cf94709e5cd7', '102384');
INSERT INTO `users` (`id`, `firstname`, `lastname`, `email`, `password_hash`, `phone`) VALUES ('117', 'Rhea', 'Ferry', 'wwuckert@example.net', '49c496921f184016bfd889b9d23ec06f77fe9f30', '161');
INSERT INTO `users` (`id`, `firstname`, `lastname`, `email`, `password_hash`, `phone`) VALUES ('119', 'Tremayne', 'Tillman', 'mmoore@example.net', 'd8723b9e870248f003e19f8b569ae848a3e07def', '913171');
INSERT INTO `users` (`id`, `firstname`, `lastname`, `email`, `password_hash`, `phone`) VALUES ('121', 'Cielo', 'Pouros', 'nikolaus.leta@example.com', 'fc67e3551f84056289477a64abe5b265bb81da83', '624818');
INSERT INTO `users` (`id`, `firstname`, `lastname`, `email`, `password_hash`, `phone`) VALUES ('122', 'Noah', 'Tillman', 'allie18@example.org', '05041d43fa80357cdd34762553e358b14f02658d', '514');
INSERT INTO `users` (`id`, `firstname`, `lastname`, `email`, `password_hash`, `phone`) VALUES ('124', 'Callie', 'Mraz', 'drunolfsdottir@example.net', '25fe5a2e18faff0d173034957ccf52084b260524', '413728');
INSERT INTO `users` (`id`, `firstname`, `lastname`, `email`, `password_hash`, `phone`) VALUES ('127', 'Xander', 'Collins', 'scarlett.flatley@example.net', '15e7ac7caff300a281627142f44dfc6ea9f02479', '459805');
INSERT INTO `users` (`id`, `firstname`, `lastname`, `email`, `password_hash`, `phone`) VALUES ('130', 'Hubert', 'Beer', 'gretchen.hammes@example.net', '06908862925a1d83f6d8a60ac2d87650cb8a5957', '20');
INSERT INTO `users` (`id`, `firstname`, `lastname`, `email`, `password_hash`, `phone`) VALUES ('135', 'Ericka', 'Ondricka', 'crooks.jena@example.com', '8b0e5d6f84c421e244289fdbc08a13dddb8af15d', '29176');
INSERT INTO `users` (`id`, `firstname`, `lastname`, `email`, `password_hash`, `phone`) VALUES ('138', 'Darrin', 'Grady', 'huel.myrtis@example.com', 'a25528f3f457001d485680439054b7cd3af36dca', '199807');
INSERT INTO `users` (`id`, `firstname`, `lastname`, `email`, `password_hash`, `phone`) VALUES ('139', 'Elena', 'Senger', 'ernie.abshire@example.org', '51c66e14b4e1c16e52feb8220409ce6df217e813', '220605');
INSERT INTO `users` (`id`, `firstname`, `lastname`, `email`, `password_hash`, `phone`) VALUES ('140', 'Ruthe', 'Ledner', 'hazel28@example.com', '1ab52e285e9bb9d98a803c852d61cbfa64b622c9', '849');
INSERT INTO `users` (`id`, `firstname`, `lastname`, `email`, `password_hash`, `phone`) VALUES ('142', 'Janiya', 'Conn', 'hessel.derick@example.com', 'fda6e58219bc386d175c3b3118bac6c357474cac', '864');
INSERT INTO `users` (`id`, `firstname`, `lastname`, `email`, `password_hash`, `phone`) VALUES ('143', 'Ruthe', 'Donnelly', 'rodrick.wolff@example.net', '00d598f1d9b09ea6782da698f0d5477f4676ce38', '500');
INSERT INTO `users` (`id`, `firstname`, `lastname`, `email`, `password_hash`, `phone`) VALUES ('145', 'Madelynn', 'Schulist', 'alejandrin98@example.net', 'b86c6f999c8108c85fee97d3d3437f6344d146c6', '38514');
INSERT INTO `users` (`id`, `firstname`, `lastname`, `email`, `password_hash`, `phone`) VALUES ('149', 'Shaniya', 'Kuphal', 'ebert.markus@example.net', '90824274bbf88035f80c0029b4ae486dbe2ffdc6', '2');
INSERT INTO `users` (`id`, `firstname`, `lastname`, `email`, `password_hash`, `phone`) VALUES ('150', 'Korbin', 'Emard', 'mfriesen@example.org', 'ceb2539fe468f3a47f8d0a6ba911d5967bf59652', '73');
INSERT INTO `users` (`id`, `firstname`, `lastname`, `email`, `password_hash`, `phone`) VALUES ('151', 'Delilah', 'Ondricka', 'isabella.daugherty@example.net', 'b3626230c4344d105f55b9f3022975c173529ee8', '194980');
INSERT INTO `users` (`id`, `firstname`, `lastname`, `email`, `password_hash`, `phone`) VALUES ('152', 'Richie', 'Zulauf', 'angelina.balistreri@example.org', '72df5935c51551eb7bd5d6857eade644fa1315dc', '843456');
INSERT INTO `users` (`id`, `firstname`, `lastname`, `email`, `password_hash`, `phone`) VALUES ('154', 'Damion', 'Ebert', 'dzulauf@example.org', '90aad8963843fa8aa8a0770b3885099f00ba4476', '932513');
INSERT INTO `users` (`id`, `firstname`, `lastname`, `email`, `password_hash`, `phone`) VALUES ('155', 'Dahlia', 'Volkman', 'tprice@example.org', '2ca6f7b3638e5f70ed8250f12130b228a6ad9e44', '82');
INSERT INTO `users` (`id`, `firstname`, `lastname`, `email`, `password_hash`, `phone`) VALUES ('157', 'Liza', 'Skiles', 'davis.vidal@example.org', '6b12471e1a89087f7f94ee0fe7280e54f9009b0d', '101138');
INSERT INTO `users` (`id`, `firstname`, `lastname`, `email`, `password_hash`, `phone`) VALUES ('161', 'Gwendolyn', 'Homenick', 'sspinka@example.net', '263b759e04e6a00ed091374d5591fc9c89136064', '69');
INSERT INTO `users` (`id`, `firstname`, `lastname`, `email`, `password_hash`, `phone`) VALUES ('164', 'Oceane', 'Schmeler', 'conroy.osbaldo@example.org', 'af2f1bb0032ae511175c3dd2967431e7db9561a2', '330860');
INSERT INTO `users` (`id`, `firstname`, `lastname`, `email`, `password_hash`, `phone`) VALUES ('166', 'Lesly', 'Morissette', 'cole.gutmann@example.com', 'ec8776e32012af92b28011605ee169f93fb5c25d', '1431924322');
INSERT INTO `users` (`id`, `firstname`, `lastname`, `email`, `password_hash`, `phone`) VALUES ('168', 'Curt', 'Morar', 'conn.giuseppe@example.com', '66178c298f0eb024450e0eb9ae9e856d3f02aa17', '728831');
INSERT INTO `users` (`id`, `firstname`, `lastname`, `email`, `password_hash`, `phone`) VALUES ('169', 'Noah', 'Wilderman', 'burdette.keebler@example.com', '774652514d1c2c9d01541448bd86f84b1e68b40b', '794');
INSERT INTO `users` (`id`, `firstname`, `lastname`, `email`, `password_hash`, `phone`) VALUES ('174', 'Alexzander', 'Rempel', 'welch.godfrey@example.org', 'e8e4dca23908bddb05a7d2632f00b2885c54d908', '325');
INSERT INTO `users` (`id`, `firstname`, `lastname`, `email`, `password_hash`, `phone`) VALUES ('176', 'Zella', 'Jaskolski', 'fzboncak@example.org', 'a2146f781e0ceef0f1d22e4e489d70a22f1d1274', '651');
INSERT INTO `users` (`id`, `firstname`, `lastname`, `email`, `password_hash`, `phone`) VALUES ('177', 'Sydney', 'Medhurst', 'terrence50@example.com', '7a586c63b7059990991188b567d7a603b23f20ab', '909');
INSERT INTO `users` (`id`, `firstname`, `lastname`, `email`, `password_hash`, `phone`) VALUES ('180', 'Hugh', 'Greenholt', 'louisa31@example.net', '64b0fc37e83ca2c94f4f4735ef7f94d40222b16f', '3305509280');
INSERT INTO `users` (`id`, `firstname`, `lastname`, `email`, `password_hash`, `phone`) VALUES ('185', 'Mathilde', 'Nitzsche', 'abarton@example.net', '0f40731a7e0a06c9f2a6f16f2ce8a37b9b10199f', '835');
INSERT INTO `users` (`id`, `firstname`, `lastname`, `email`, `password_hash`, `phone`) VALUES ('188', 'Adam', 'Flatley', 'torphy.beverly@example.org', '8f267babf9f349d7d7f24284f7d84c16d42e875a', '582');
INSERT INTO `users` (`id`, `firstname`, `lastname`, `email`, `password_hash`, `phone`) VALUES ('190', 'Cortney', 'Boehm', 'rmckenzie@example.org', '1d3150708a77eceaaf2b768fc8d1769742941fed', '931604');
INSERT INTO `users` (`id`, `firstname`, `lastname`, `email`, `password_hash`, `phone`) VALUES ('191', 'Bernadine', 'Kilback', 'xwisoky@example.net', '0394eff414863a50bc7e293f6e0cbfbca195cc22', '423');
INSERT INTO `users` (`id`, `firstname`, `lastname`, `email`, `password_hash`, `phone`) VALUES ('193', 'Carlotta', 'Howe', 'pkshlerin@example.org', 'fd9404a04d706a9fe0ccbedf6a4e9ab29574318e', '218817');
INSERT INTO `users` (`id`, `firstname`, `lastname`, `email`, `password_hash`, `phone`) VALUES ('195', 'Brigitte', 'Effertz', 'kenyatta.koelpin@example.net', '887730e962d7a5c2ca84e526de2a8c5423c5d7a3', '84697');
INSERT INTO `users` (`id`, `firstname`, `lastname`, `email`, `password_hash`, `phone`) VALUES ('196', 'Franco', 'Lockman', 'bud.gulgowski@example.org', '4ad660c5356d1b295d90d121e55b731a26567b7f', '331724');
INSERT INTO `users` (`id`, `firstname`, `lastname`, `email`, `password_hash`, `phone`) VALUES ('197', 'Jan', 'Dietrich', 'do\'conner@example.org', '26559a0f19ec77a27f3fc7788b6928e1fe3d6003', '562077');

INSERT INTO `users_communities` (`user_id`, `admin`, `community_id`) VALUES ('101', NULL, '1');
INSERT INTO `users_communities` (`user_id`, `admin`, `community_id`) VALUES ('101', NULL, '10');
INSERT INTO `users_communities` (`user_id`, `admin`, `community_id`) VALUES ('101', NULL, '19');
INSERT INTO `users_communities` (`user_id`, `admin`, `community_id`) VALUES ('102', NULL, '2');
INSERT INTO `users_communities` (`user_id`, `admin`, `community_id`) VALUES ('102', NULL, '11');
INSERT INTO `users_communities` (`user_id`, `admin`, `community_id`) VALUES ('102', NULL, '20');
INSERT INTO `users_communities` (`user_id`, `admin`, `community_id`) VALUES ('103', NULL, '3');
INSERT INTO `users_communities` (`user_id`, `admin`, `community_id`) VALUES ('103', NULL, '12');
INSERT INTO `users_communities` (`user_id`, `admin`, `community_id`) VALUES ('104', NULL, '4');
INSERT INTO `users_communities` (`user_id`, `admin`, `community_id`) VALUES ('104', NULL, '13');
INSERT INTO `users_communities` (`user_id`, `admin`, `community_id`) VALUES ('105', NULL, '5');
INSERT INTO `users_communities` (`user_id`, `admin`, `community_id`) VALUES ('105', NULL, '14');
INSERT INTO `users_communities` (`user_id`, `admin`, `community_id`) VALUES ('106', NULL, '6');
INSERT INTO `users_communities` (`user_id`, `admin`, `community_id`) VALUES ('106', NULL, '15');
INSERT INTO `users_communities` (`user_id`, `admin`, `community_id`) VALUES ('107', NULL, '7');
INSERT INTO `users_communities` (`user_id`, `admin`, `community_id`) VALUES ('107', NULL, '16');
INSERT INTO `users_communities` (`user_id`, `admin`, `community_id`) VALUES ('108', NULL, '8');
INSERT INTO `users_communities` (`user_id`, `admin`, `community_id`) VALUES ('108', NULL, '17');
INSERT INTO `users_communities` (`user_id`, `admin`, `community_id`) VALUES ('109', NULL, '9');
INSERT INTO `users_communities` (`user_id`, `admin`, `community_id`) VALUES ('109', NULL, '18');
INSERT INTO `users_communities` (`user_id`, `admin`, `community_id`) VALUES ('110', NULL, '10');
INSERT INTO `users_communities` (`user_id`, `admin`, `community_id`) VALUES ('110', NULL, '19');
INSERT INTO `users_communities` (`user_id`, `admin`, `community_id`) VALUES ('115', NULL, '11');
INSERT INTO `users_communities` (`user_id`, `admin`, `community_id`) VALUES ('115', NULL, '20');
INSERT INTO `users_communities` (`user_id`, `admin`, `community_id`) VALUES ('117', NULL, '1');
INSERT INTO `users_communities` (`user_id`, `admin`, `community_id`) VALUES ('117', NULL, '12');
INSERT INTO `users_communities` (`user_id`, `admin`, `community_id`) VALUES ('119', NULL, '2');
INSERT INTO `users_communities` (`user_id`, `admin`, `community_id`) VALUES ('119', NULL, '13');
INSERT INTO `users_communities` (`user_id`, `admin`, `community_id`) VALUES ('121', NULL, '3');
INSERT INTO `users_communities` (`user_id`, `admin`, `community_id`) VALUES ('121', NULL, '14');
INSERT INTO `users_communities` (`user_id`, `admin`, `community_id`) VALUES ('122', NULL, '4');
INSERT INTO `users_communities` (`user_id`, `admin`, `community_id`) VALUES ('122', NULL, '15');
INSERT INTO `users_communities` (`user_id`, `admin`, `community_id`) VALUES ('124', NULL, '5');
INSERT INTO `users_communities` (`user_id`, `admin`, `community_id`) VALUES ('124', NULL, '16');
INSERT INTO `users_communities` (`user_id`, `admin`, `community_id`) VALUES ('127', NULL, '6');
INSERT INTO `users_communities` (`user_id`, `admin`, `community_id`) VALUES ('127', NULL, '17');
INSERT INTO `users_communities` (`user_id`, `admin`, `community_id`) VALUES ('130', NULL, '7');
INSERT INTO `users_communities` (`user_id`, `admin`, `community_id`) VALUES ('130', NULL, '18');
INSERT INTO `users_communities` (`user_id`, `admin`, `community_id`) VALUES ('135', NULL, '8');
INSERT INTO `users_communities` (`user_id`, `admin`, `community_id`) VALUES ('135', NULL, '19');
INSERT INTO `users_communities` (`user_id`, `admin`, `community_id`) VALUES ('138', NULL, '9');
INSERT INTO `users_communities` (`user_id`, `admin`, `community_id`) VALUES ('138', NULL, '20');
INSERT INTO `users_communities` (`user_id`, `admin`, `community_id`) VALUES ('139', NULL, '1');
INSERT INTO `users_communities` (`user_id`, `admin`, `community_id`) VALUES ('139', NULL, '10');
INSERT INTO `users_communities` (`user_id`, `admin`, `community_id`) VALUES ('140', NULL, '2');
INSERT INTO `users_communities` (`user_id`, `admin`, `community_id`) VALUES ('140', NULL, '11');
INSERT INTO `users_communities` (`user_id`, `admin`, `community_id`) VALUES ('142', NULL, '3');
INSERT INTO `users_communities` (`user_id`, `admin`, `community_id`) VALUES ('142', NULL, '12');
INSERT INTO `users_communities` (`user_id`, `admin`, `community_id`) VALUES ('143', NULL, '4');
INSERT INTO `users_communities` (`user_id`, `admin`, `community_id`) VALUES ('143', NULL, '13');
INSERT INTO `users_communities` (`user_id`, `admin`, `community_id`) VALUES ('145', NULL, '5');
INSERT INTO `users_communities` (`user_id`, `admin`, `community_id`) VALUES ('145', NULL, '14');
INSERT INTO `users_communities` (`user_id`, `admin`, `community_id`) VALUES ('149', NULL, '6');
INSERT INTO `users_communities` (`user_id`, `admin`, `community_id`) VALUES ('149', NULL, '15');
INSERT INTO `users_communities` (`user_id`, `admin`, `community_id`) VALUES ('150', NULL, '7');
INSERT INTO `users_communities` (`user_id`, `admin`, `community_id`) VALUES ('150', NULL, '16');
INSERT INTO `users_communities` (`user_id`, `admin`, `community_id`) VALUES ('151', NULL, '8');
INSERT INTO `users_communities` (`user_id`, `admin`, `community_id`) VALUES ('151', NULL, '17');
INSERT INTO `users_communities` (`user_id`, `admin`, `community_id`) VALUES ('152', NULL, '9');
INSERT INTO `users_communities` (`user_id`, `admin`, `community_id`) VALUES ('152', NULL, '18');
INSERT INTO `users_communities` (`user_id`, `admin`, `community_id`) VALUES ('154', NULL, '10');
INSERT INTO `users_communities` (`user_id`, `admin`, `community_id`) VALUES ('154', NULL, '19');
INSERT INTO `users_communities` (`user_id`, `admin`, `community_id`) VALUES ('155', NULL, '11');
INSERT INTO `users_communities` (`user_id`, `admin`, `community_id`) VALUES ('155', NULL, '20');
INSERT INTO `users_communities` (`user_id`, `admin`, `community_id`) VALUES ('157', NULL, '1');
INSERT INTO `users_communities` (`user_id`, `admin`, `community_id`) VALUES ('157', NULL, '12');
INSERT INTO `users_communities` (`user_id`, `admin`, `community_id`) VALUES ('161', NULL, '2');
INSERT INTO `users_communities` (`user_id`, `admin`, `community_id`) VALUES ('161', NULL, '13');
INSERT INTO `users_communities` (`user_id`, `admin`, `community_id`) VALUES ('164', NULL, '3');
INSERT INTO `users_communities` (`user_id`, `admin`, `community_id`) VALUES ('164', NULL, '14');
INSERT INTO `users_communities` (`user_id`, `admin`, `community_id`) VALUES ('166', NULL, '4');
INSERT INTO `users_communities` (`user_id`, `admin`, `community_id`) VALUES ('166', NULL, '15');
INSERT INTO `users_communities` (`user_id`, `admin`, `community_id`) VALUES ('168', NULL, '5');
INSERT INTO `users_communities` (`user_id`, `admin`, `community_id`) VALUES ('168', NULL, '16');
INSERT INTO `users_communities` (`user_id`, `admin`, `community_id`) VALUES ('169', NULL, '6');
INSERT INTO `users_communities` (`user_id`, `admin`, `community_id`) VALUES ('169', NULL, '17');
INSERT INTO `users_communities` (`user_id`, `admin`, `community_id`) VALUES ('174', NULL, '7');
INSERT INTO `users_communities` (`user_id`, `admin`, `community_id`) VALUES ('174', NULL, '18');
INSERT INTO `users_communities` (`user_id`, `admin`, `community_id`) VALUES ('176', NULL, '8');
INSERT INTO `users_communities` (`user_id`, `admin`, `community_id`) VALUES ('176', NULL, '19');
INSERT INTO `users_communities` (`user_id`, `admin`, `community_id`) VALUES ('177', NULL, '9');
INSERT INTO `users_communities` (`user_id`, `admin`, `community_id`) VALUES ('177', NULL, '20');
INSERT INTO `users_communities` (`user_id`, `admin`, `community_id`) VALUES ('180', NULL, '1');
INSERT INTO `users_communities` (`user_id`, `admin`, `community_id`) VALUES ('180', NULL, '10');
INSERT INTO `users_communities` (`user_id`, `admin`, `community_id`) VALUES ('185', NULL, '2');
INSERT INTO `users_communities` (`user_id`, `admin`, `community_id`) VALUES ('185', NULL, '11');
INSERT INTO `users_communities` (`user_id`, `admin`, `community_id`) VALUES ('188', NULL, '3');
INSERT INTO `users_communities` (`user_id`, `admin`, `community_id`) VALUES ('188', NULL, '12');
INSERT INTO `users_communities` (`user_id`, `admin`, `community_id`) VALUES ('190', NULL, '4');
INSERT INTO `users_communities` (`user_id`, `admin`, `community_id`) VALUES ('190', NULL, '13');
INSERT INTO `users_communities` (`user_id`, `admin`, `community_id`) VALUES ('191', NULL, '5');
INSERT INTO `users_communities` (`user_id`, `admin`, `community_id`) VALUES ('191', NULL, '14');
INSERT INTO `users_communities` (`user_id`, `admin`, `community_id`) VALUES ('193', NULL, '6');
INSERT INTO `users_communities` (`user_id`, `admin`, `community_id`) VALUES ('193', NULL, '15');
INSERT INTO `users_communities` (`user_id`, `admin`, `community_id`) VALUES ('195', NULL, '7');
INSERT INTO `users_communities` (`user_id`, `admin`, `community_id`) VALUES ('195', NULL, '16');
INSERT INTO `users_communities` (`user_id`, `admin`, `community_id`) VALUES ('196', NULL, '8');
INSERT INTO `users_communities` (`user_id`, `admin`, `community_id`) VALUES ('196', NULL, '17');
INSERT INTO `users_communities` (`user_id`, `admin`, `community_id`) VALUES ('197', NULL, '9');
INSERT INTO `users_communities` (`user_id`, `admin`, `community_id`) VALUES ('197', NULL, '18');

SET FOREIGN_KEY_CHECKS=1;

